#
# A fatal error has been detected by the Java Runtime Environment:
#
#  SIGSEGV (0xb) at pc=0x00007fbbaf207cf8, pid=45463, tid=45481
#
# JRE version: OpenJDK Runtime Environment (11.0.16) (build 11.0.16-internal+0-adhoc.adam.jdk11u)
# Java VM: OpenJDK 64-Bit Server VM (11.0.16-internal+0-adhoc.adam.jdk11u, mixed mode, tiered, epsilon gc, linux-amd64)
# Problematic frame:
# C  [libc.so.6+0xa3cf8]
#
# No core dump will be written. Core dumps have been disabled. To enable core dumping, try "ulimit -c unlimited" before starting Java again
#
# If you would like to submit a bug report, please visit:
#   https://bugreport.java.com/bugreport/crash.jsp
#

---------------  S U M M A R Y ------------

Command Line: -XX:AllocateHeapAt=/dev/fakeblk -Xlog:gc=debug -XX:-OptimizeStringConcat -XX:+UnlockExperimentalVMOptions -XX:+UseEpsilonGC -Xnoclassgc -XX:+AlwaysPreTouch -XX:-ClassUnloading -XX:TieredStopAtLevel=3 -Xms32g -Xmx32g -XX:-ClassUnloading ../dacapo-23.11-chopin.jar tradebeans -s vlarge

Host: AMD Opteron 23xx (Gen 3 Class Opteron), 48 cores, 1G, Debian GNU/Linux 11 (bullseye)
Time: Thu Apr  3 15:21:57 2025 CEST elapsed time: 53.396944 seconds (0d 0h 0m 53s)

---------------  T H R E A D  ---------------

Current thread (0x00007fb1d0014000):  JavaThread "MSC service thread 1-3" [_thread_in_vm, id=45481, stack(0x00007fb1e3bfe000,0x00007fb1e3cff000)]

Stack: [0x00007fb1e3bfe000,0x00007fb1e3cff000],  sp=0x00007fb1e3cfb488,  free space=1013k
Native frames: (J=compiled Java code, A=aot compiled Java code, j=interpreted, Vv=VM code, C=native code)
C  [libc.so.6+0xa3cf8]
V  [libjvm.so+0xb44f6d]  MemAllocator::allocate() const+0x9d
V  [libjvm.so+0x6068a4]  CollectedHeap::array_allocate(Klass*, int, int, bool, Thread*)+0x44
V  [libjvm.so+0x55072c]  Runtime1::new_type_array(JavaThread*, Klass*, int)+0x2c
v  ~RuntimeStub::new_type_array Runtime1 stub
J 2315 c1 org.jboss.modules.JarFileResourceLoader.getClassSpec(Ljava/lang/String;)Lorg/jboss/modules/ClassSpec; (281 bytes) @ 0x00007fbb9a0db3a3 [0x00007fbb9a0d9fe0+0x00000000000013c3]
J 2325 c1 org.jboss.modules.ModuleClassLoader.loadClassLocal(Ljava/lang/String;Z)Ljava/lang/Class; (363 bytes) @ 0x00007fbb9a0e695c [0x00007fbb9a0e5ae0+0x0000000000000e7c]
J 2324 c1 org.jboss.modules.ModuleClassLoader$1.loadClassLocal(Ljava/lang/String;Z)Ljava/lang/Class; (47 bytes) @ 0x00007fbb9a0e418c [0x00007fbb9a0e4100+0x000000000000008c]
J 2288 c1 org.jboss.modules.Module.loadModuleClass(Ljava/lang/String;Z)Ljava/lang/Class; (154 bytes) @ 0x00007fbb9a0caaec [0x00007fbb9a0ca3e0+0x000000000000070c]
J 2287 c1 org.jboss.modules.ModuleClassLoader.findClass(Ljava/lang/String;ZZ)Ljava/lang/Class; (93 bytes) @ 0x00007fbb9a0cbc6c [0x00007fbb9a0cb900+0x000000000000036c]
J 2286 c1 org.jboss.modules.ConcurrentClassLoader.performLoadClassUnchecked(Ljava/lang/String;ZZ)Ljava/lang/Class; (39 bytes) @ 0x00007fbb9a0c891c [0x00007fbb9a0c83e0+0x000000000000053c]
J 2285 c1 org.jboss.modules.ConcurrentClassLoader.performLoadClass(Ljava/lang/String;ZZ)Ljava/lang/Class; (87 bytes) @ 0x00007fbb9a0c98bc [0x00007fbb9a0c9280+0x000000000000063c]
J 2284 c1 org.jboss.modules.ConcurrentClassLoader.loadClass(Ljava/lang/String;)Ljava/lang/Class; (8 bytes) @ 0x00007fbb9a0c8044 [0x00007fbb9a0c7fc0+0x0000000000000084]
v  ~StubRoutines::call_stub
V  [libjvm.so+0x87ba43]  JavaCalls::call_helper(JavaValue*, methodHandle const&, JavaCallArguments*, Thread*)+0x353
V  [libjvm.so+0x87a12e]  JavaCalls::call_virtual(JavaValue*, Handle, Klass*, Symbol*, Symbol*, Handle, Thread*)+0x1be
V  [libjvm.so+0xd442fd]  SystemDictionary::load_instance_class(Symbol*, Handle, Thread*)+0x18d
V  [libjvm.so+0xd4317a]  SystemDictionary::resolve_instance_class_or_null(Symbol*, Handle, Handle, Thread*)+0x95a
V  [libjvm.so+0xd455c7]  SystemDictionary::resolve_or_fail(Symbol*, Handle, Handle, bool, Thread*)+0x57
V  [libjvm.so+0x9323ae]  JVM_FindClassFromCaller+0x1de
C  [libjava.so+0xf297]  Java_java_lang_Class_forName0+0xd7
J 2113  java.lang.Class.forName0(Ljava/lang/String;ZLjava/lang/ClassLoader;Ljava/lang/Class;)Ljava/lang/Class; java.base (0 bytes) @ 0x00007fbba0e200b4 [0x00007fbba0e1ffc0+0x00000000000000f4]
J 2239 c1 java.lang.Class.forName(Ljava/lang/String;ZLjava/lang/ClassLoader;)Ljava/lang/Class; java.base (47 bytes) @ 0x00007fbb9a0a6d1c [0x00007fbb9a0a6a00+0x000000000000031c]
j  org.jboss.logging.Logger.doGetMessageLogger(Ljava/lang/Class;Ljava/lang/String;Ljava/util/Locale;)Ljava/lang/Object;+181
j  org.jboss.logging.Logger.getMessageLogger(Ljava/lang/Class;Ljava/lang/String;Ljava/util/Locale;)Ljava/lang/Object;+9
j  org.jboss.logging.Logger.getMessageLogger(Ljava/lang/Class;Ljava/lang/String;)Ljava/lang/Object;+5
j  com.arjuna.ats.arjuna.logging.tsLogger.<clinit>()V+12
v  ~StubRoutines::call_stub
V  [libjvm.so+0x87ba43]  JavaCalls::call_helper(JavaValue*, methodHandle const&, JavaCallArguments*, Thread*)+0x353
V  [libjvm.so+0x85a841]  InstanceKlass::call_class_initializer(Thread*)+0x251
V  [libjvm.so+0x85ac89]  InstanceKlass::initialize_impl(Thread*)+0x3d9
V  [libjvm.so+0xa64e13]  LinkResolver::resolve_field(fieldDescriptor&, LinkInfo const&, Bytecodes::Code, bool, Thread*)+0x183
V  [libjvm.so+0xa65952]  LinkResolver::resolve_field_access(fieldDescriptor&, constantPoolHandle const&, int, methodHandle const&, Bytecodes::Code, Thread*)+0xe2
V  [libjvm.so+0x8744f0]  InterpreterRuntime::resolve_get_put(JavaThread*, Bytecodes::Code)+0x180
V  [libjvm.so+0x8758f5]  InterpreterRuntime::resolve_from_cache(JavaThread*, Bytecodes::Code)+0x1f5
j  com.arjuna.ats.internal.arjuna.recovery.RecActivatorLoader.startRecoveryActivators()V+0
j  com.arjuna.ats.internal.arjuna.recovery.RecoveryManagerImple.<init>(Z)V+93
j  com.arjuna.ats.arjuna.recovery.RecoveryManager.<init>(I)V+40
j  com.arjuna.ats.arjuna.recovery.RecoveryManager.manager(I)Lcom/arjuna/ats/arjuna/recovery/RecoveryManager;+11
j  com.arjuna.ats.arjuna.recovery.RecoveryManager.manager()Lcom/arjuna/ats/arjuna/recovery/RecoveryManager;+7
j  com.arjuna.ats.jbossatx.jta.RecoveryManagerService.create()V+17
j  org.jboss.as.txn.service.ArjunaRecoveryManagerService.start(Lorg/jboss/msc/service/StartContext;)V+272
j  org.jboss.msc.service.ServiceControllerImpl$StartTask.startService(Lorg/jboss/msc/Service;Lorg/jboss/msc/service/StartContext;)V+13
j  org.jboss.msc.service.ServiceControllerImpl$StartTask.execute()Z+36
J 4154 c1 org.jboss.msc.service.ServiceControllerImpl$ControllerTask.run()V (152 bytes) @ 0x00007fbb9a60f084 [0x00007fbb9a60eec0+0x00000000000001c4]
J 4148 c1 org.jboss.threads.ContextClassLoaderSavingRunnable.run()V (39 bytes) @ 0x00007fbb9a60ba8c [0x00007fbb9a60b6c0+0x00000000000003cc]
J 4147 c1 org.jboss.threads.EnhancedQueueExecutor.safeRun(Ljava/lang/Runnable;)V (66 bytes) @ 0x00007fbb9a60a4ac [0x00007fbb9a60a360+0x000000000000014c]
J 4149 c1 org.jboss.threads.EnhancedQueueExecutor$ThreadBody.doRunTask(Ljava/lang/Runnable;)V (79 bytes) @ 0x00007fbb9a60d8e4 [0x00007fbb9a60d3c0+0x0000000000000524]
j  org.jboss.threads.EnhancedQueueExecutor$ThreadBody.run()V+103
j  java.lang.Thread.run()V+11 java.base
v  ~StubRoutines::call_stub
V  [libjvm.so+0x87ba43]  JavaCalls::call_helper(JavaValue*, methodHandle const&, JavaCallArguments*, Thread*)+0x353
V  [libjvm.so+0x879f56]  JavaCalls::call_virtual(JavaValue*, Handle, Klass*, Symbol*, Symbol*, Thread*)+0x1a6
V  [libjvm.so+0x92509d]  thread_entry(JavaThread*, Thread*)+0x6d
V  [libjvm.so+0xd79f33]  JavaThread::thread_main_inner()+0x133
V  [libjvm.so+0xd768dc]  Thread::call_run()+0x13c
V  [libjvm.so+0xbe94b6]  thread_native_entry(Thread*)+0xe6

Java frames: (J=compiled Java code, j=interpreted, Vv=VM code)
v  ~RuntimeStub::new_type_array Runtime1 stub
J 2315 c1 org.jboss.modules.JarFileResourceLoader.getClassSpec(Ljava/lang/String;)Lorg/jboss/modules/ClassSpec; (281 bytes) @ 0x00007fbb9a0db3a3 [0x00007fbb9a0d9fe0+0x00000000000013c3]
J 2325 c1 org.jboss.modules.ModuleClassLoader.loadClassLocal(Ljava/lang/String;Z)Ljava/lang/Class; (363 bytes) @ 0x00007fbb9a0e695c [0x00007fbb9a0e5ae0+0x0000000000000e7c]
J 2324 c1 org.jboss.modules.ModuleClassLoader$1.loadClassLocal(Ljava/lang/String;Z)Ljava/lang/Class; (47 bytes) @ 0x00007fbb9a0e418c [0x00007fbb9a0e4100+0x000000000000008c]
J 2288 c1 org.jboss.modules.Module.loadModuleClass(Ljava/lang/String;Z)Ljava/lang/Class; (154 bytes) @ 0x00007fbb9a0caaec [0x00007fbb9a0ca3e0+0x000000000000070c]
J 2287 c1 org.jboss.modules.ModuleClassLoader.findClass(Ljava/lang/String;ZZ)Ljava/lang/Class; (93 bytes) @ 0x00007fbb9a0cbc6c [0x00007fbb9a0cb900+0x000000000000036c]
J 2286 c1 org.jboss.modules.ConcurrentClassLoader.performLoadClassUnchecked(Ljava/lang/String;ZZ)Ljava/lang/Class; (39 bytes) @ 0x00007fbb9a0c891c [0x00007fbb9a0c83e0+0x000000000000053c]
J 2285 c1 org.jboss.modules.ConcurrentClassLoader.performLoadClass(Ljava/lang/String;ZZ)Ljava/lang/Class; (87 bytes) @ 0x00007fbb9a0c98bc [0x00007fbb9a0c9280+0x000000000000063c]
J 2284 c1 org.jboss.modules.ConcurrentClassLoader.loadClass(Ljava/lang/String;)Ljava/lang/Class; (8 bytes) @ 0x00007fbb9a0c8044 [0x00007fbb9a0c7fc0+0x0000000000000084]
v  ~StubRoutines::call_stub
J 2113  java.lang.Class.forName0(Ljava/lang/String;ZLjava/lang/ClassLoader;Ljava/lang/Class;)Ljava/lang/Class; java.base (0 bytes) @ 0x00007fbba0e2003a [0x00007fbba0e1ffc0+0x000000000000007a]
J 2239 c1 java.lang.Class.forName(Ljava/lang/String;ZLjava/lang/ClassLoader;)Ljava/lang/Class; java.base (47 bytes) @ 0x00007fbb9a0a6d1c [0x00007fbb9a0a6a00+0x000000000000031c]
j  org.jboss.logging.Logger.doGetMessageLogger(Ljava/lang/Class;Ljava/lang/String;Ljava/util/Locale;)Ljava/lang/Object;+181
j  org.jboss.logging.Logger.getMessageLogger(Ljava/lang/Class;Ljava/lang/String;Ljava/util/Locale;)Ljava/lang/Object;+9
j  org.jboss.logging.Logger.getMessageLogger(Ljava/lang/Class;Ljava/lang/String;)Ljava/lang/Object;+5
j  com.arjuna.ats.arjuna.logging.tsLogger.<clinit>()V+12
v  ~StubRoutines::call_stub
j  com.arjuna.ats.internal.arjuna.recovery.RecActivatorLoader.startRecoveryActivators()V+0
j  com.arjuna.ats.internal.arjuna.recovery.RecoveryManagerImple.<init>(Z)V+93
j  com.arjuna.ats.arjuna.recovery.RecoveryManager.<init>(I)V+40
j  com.arjuna.ats.arjuna.recovery.RecoveryManager.manager(I)Lcom/arjuna/ats/arjuna/recovery/RecoveryManager;+11
j  com.arjuna.ats.arjuna.recovery.RecoveryManager.manager()Lcom/arjuna/ats/arjuna/recovery/RecoveryManager;+7
j  com.arjuna.ats.jbossatx.jta.RecoveryManagerService.create()V+17
j  org.jboss.as.txn.service.ArjunaRecoveryManagerService.start(Lorg/jboss/msc/service/StartContext;)V+272
j  org.jboss.msc.service.ServiceControllerImpl$StartTask.startService(Lorg/jboss/msc/Service;Lorg/jboss/msc/service/StartContext;)V+13
j  org.jboss.msc.service.ServiceControllerImpl$StartTask.execute()Z+36
J 4154 c1 org.jboss.msc.service.ServiceControllerImpl$ControllerTask.run()V (152 bytes) @ 0x00007fbb9a60f084 [0x00007fbb9a60eec0+0x00000000000001c4]
J 4148 c1 org.jboss.threads.ContextClassLoaderSavingRunnable.run()V (39 bytes) @ 0x00007fbb9a60ba8c [0x00007fbb9a60b6c0+0x00000000000003cc]
J 4147 c1 org.jboss.threads.EnhancedQueueExecutor.safeRun(Ljava/lang/Runnable;)V (66 bytes) @ 0x00007fbb9a60a4ac [0x00007fbb9a60a360+0x000000000000014c]
J 4149 c1 org.jboss.threads.EnhancedQueueExecutor$ThreadBody.doRunTask(Ljava/lang/Runnable;)V (79 bytes) @ 0x00007fbb9a60d8e4 [0x00007fbb9a60d3c0+0x0000000000000524]
j  org.jboss.threads.EnhancedQueueExecutor$ThreadBody.run()V+103
j  java.lang.Thread.run()V+11 java.base
v  ~StubRoutines::call_stub

siginfo: si_signo: 11 (SIGSEGV), si_code: 128 (SI_KERNEL), si_addr: 0x0000000000000000

Register to memory mapping:

RAX=0x00ff000000000010 is an unknown value
RBX=0x00007fb1e3cfb540 is pointing into the stack for thread: 0x00007fb1d0014000
RCX=0x00ff000000000050 is an unknown value
RDX=0x000000000001aea0 is an unknown value
RSP=0x00007fb1e3cfb488 is pointing into the stack for thread: 0x00007fb1d0014000
RBP=0x00007fb1e3cfb4b0 is pointing into the stack for thread: 0x00007fb1d0014000
RSI=0x0 is NULL
RDI=0x00ff000000000010 is an unknown value
R8 =0x0 is NULL
R9 =0x0000000000004000 is an unknown value
R10=0x000000000001ae96 is an unknown value
R11=0x0 is NULL
R12=0x00ff000000000000 is an unknown value
R13=0x00007fbbaf0d940c: <offset 0x00000000011d540c> in /home/adam/jdk11u/build/linux-x86_64-normal-server-release/jdk/lib/server/libjvm.so at 0x00007fbbadf04000
R14=0x0 is NULL
R15=0x00007fb1d0014000 is a thread


Registers:
RAX=0x00ff000000000010, RBX=0x00007fb1e3cfb540, RCX=0x00ff000000000050, RDX=0x000000000001aea0
RSP=0x00007fb1e3cfb488, RBP=0x00007fb1e3cfb4b0, RSI=0x0000000000000000, RDI=0x00ff000000000010
R8 =0x0000000000000000, R9 =0x0000000000004000, R10=0x000000000001ae96, R11=0x0000000000000000
R12=0x00ff000000000000, R13=0x00007fbbaf0d940c, R14=0x0000000000000000, R15=0x00007fb1d0014000
RIP=0x00007fbbaf207cf8, EFLAGS=0x0000000000010206, CSGSFS=0x002b000000000033, ERR=0x0000000000000000
  TRAPNO=0x000000000000000d

Top of Stack: (sp=0x00007fb1e3cfb488)
0x00007fb1e3cfb488:   00007fbbaea481c1 000000000001ae96
0x00007fb1e3cfb498:   00007fb1e3cfb540 00007fb1e3cfb4d0
0x00007fb1e3cfb4a8:   0000000000000000 00007fb1e3cfb530
0x00007fb1e3cfb4b8:   00007fbbaea48f6d 0000000000000000 

Instructions: (pc=0x00007fbbaf207cf8)
0x00007fbbaf207bf8:   48 89 f8 66 0f 70 c0 00 eb 32 66 66 2e 0f 1f 84
0x00007fbbaf207c08:   00 00 00 00 00 0f 1f 00 48 39 d1 0f 82 37 63 06
0x00007fbbaf207c18:   00 0f 1f 80 00 00 00 00 66 0f 6e c6 48 89 f8 66
0x00007fbbaf207c28:   0f 60 c0 66 0f 61 c0 66 0f 70 c0 00 48 83 fa 10
0x00007fbbaf207c38:   0f 82 13 01 00 00 48 83 fa 20 0f 87 90 00 00 00
0x00007fbbaf207c48:   f3 0f 7f 44 17 f0 f3 0f 7f 07 c3 66 66 2e 0f 1f
0x00007fbbaf207c58:   84 00 00 00 00 00 66 90 48 39 d1 0f 82 e7 62 06
0x00007fbbaf207c68:   00 0f 1f 80 00 00 00 00 48 85 d2 75 04 48 89 f8
0x00007fbbaf207c78:   c3 48 89 d1 40 0f b6 c6 48 89 fa f3 aa 48 89 d0
0x00007fbbaf207c88:   c3 0f 1f 80 00 00 00 00 48 39 d1 0f 82 b7 62 06
0x00007fbbaf207c98:   00 0f 1f 80 00 00 00 00 66 0f 6e c6 48 89 f8 66
0x00007fbbaf207ca8:   0f 60 c0 66 0f 61 c0 66 0f 70 c0 00 48 83 fa 10
0x00007fbbaf207cb8:   0f 82 93 00 00 00 48 83 fa 20 77 0b f3 0f 7f 44
0x00007fbbaf207cc8:   17 f0 f3 0f 7f 07 c3 48 81 fa 00 08 00 00 77 a1
0x00007fbbaf207cd8:   48 83 fa 40 77 16 f3 0f 7f 07 f3 0f 7f 47 10 f3
0x00007fbbaf207ce8:   0f 7f 44 17 f0 f3 0f 7f 44 17 e0 c3 48 8d 4f 40
0x00007fbbaf207cf8:   f3 0f 7f 07 48 83 e1 c0 f3 0f 7f 44 17 f0 f3 0f
0x00007fbbaf207d08:   7f 47 10 f3 0f 7f 44 17 e0 f3 0f 7f 47 20 f3 0f
0x00007fbbaf207d18:   7f 44 17 d0 f3 0f 7f 47 30 f3 0f 7f 44 17 c0 48
0x00007fbbaf207d28:   01 fa 48 83 e2 c0 48 39 d1 74 c0 66 0f 7f 01 66
0x00007fbbaf207d38:   0f 7f 41 10 66 0f 7f 41 20 66 0f 7f 41 30 48 83
0x00007fbbaf207d48:   c1 40 48 39 ca 75 e4 f3 c3 66 48 0f 7e c1 80 fa
0x00007fbbaf207d58:   08 73 0f 80 fa 04 73 13 80 fa 01 77 15 72 02 88
0x00007fbbaf207d68:   0f c3 48 89 4c 17 f8 48 89 0f c3 89 4c 17 fc 89
0x00007fbbaf207d78:   0f c3 66 89 4c 17 fe 66 89 0f c3 66 2e 0f 1f 84
0x00007fbbaf207d88:   00 00 00 00 00 0f 1f 00 53 b8 00 00 00 80 0f a2
0x00007fbbaf207d98:   81 ff c4 00 00 00 7f 48 81 ff be 00 00 00 7f 48
0x00007fbbaf207da8:   3d 04 00 00 80 76 39 b8 05 00 00 80 0f a2 81 ff
0x00007fbbaf207db8:   bb 00 00 00 7f 05 83 c7 03 89 d1 81 ef bc 00 00
0x00007fbbaf207dc8:   00 83 ff 08 0f 87 70 01 00 00 48 8d 35 c7 c6 0e
0x00007fbbaf207dd8:   00 48 63 04 be 48 01 f0 ff e0 66 0f 1f 44 00 00
0x00007fbbaf207de8:   31 c0 5b c3 0f 1f 40 00 3d 05 00 00 80 76 f1 b8 


Stack slot to memory mapping:
stack at sp + 0 slots: 0x00007fbbaea481c1: <offset 0x0000000000b441c1> in /home/adam/jdk11u/build/linux-x86_64-normal-server-release/jdk/lib/server/libjvm.so at 0x00007fbbadf04000
stack at sp + 1 slots: 0x000000000001ae96 is an unknown value
stack at sp + 2 slots: 0x00007fb1e3cfb540 is pointing into the stack for thread: 0x00007fb1d0014000
stack at sp + 3 slots: 0x00007fb1e3cfb4d0 is pointing into the stack for thread: 0x00007fb1d0014000
stack at sp + 4 slots: 0x0 is NULL
stack at sp + 5 slots: 0x00007fb1e3cfb530 is pointing into the stack for thread: 0x00007fb1d0014000
stack at sp + 6 slots: 0x00007fbbaea48f6d: <offset 0x0000000000b44f6d> in /home/adam/jdk11u/build/linux-x86_64-normal-server-release/jdk/lib/server/libjvm.so at 0x00007fbbadf04000
stack at sp + 7 slots: 0x0 is NULL


---------------  P R O C E S S  ---------------

Threads class SMR info:
_java_thread_list=0x00007fb1c00b9380, length=172, elements={
0x00007fbba8027800, 0x00007fbba814c800, 0x00007fbba819c000, 0x00007fbba8038000,
0x00007fbba823c000, 0x00007fbba8286800, 0x00007fbba82d1000, 0x00007fbba837a000,
0x00007fb1fc075800, 0x00007fb1f8129800, 0x00007fb1ec002000, 0x00007fbba8615800,
0x00007fbba86d4800, 0x00007fbba9388000, 0x00007fbba9394800, 0x00007fb1d0014000,
0x00007fb1d4001800, 0x00007fb1d4007800, 0x00007fb1d4050800, 0x00007fb1d4098000,
0x00007fb1d40e1000, 0x00007fb1b818b000, 0x00007fb1d8003800, 0x00007fb1bc04e000,
0x00007fb1bc0a3800, 0x00007fb1bc060000, 0x00007fb1bc04f800, 0x00007fb1bc063800,
0x00007fb1bc06b800, 0x00007fb1bc05f000, 0x00007fb1bc0ad800, 0x00007fb1bc0ae800,
0x00007fb1bc0f4000, 0x00007fb1bc136000, 0x00007fb1bc1b7800, 0x00007fb1bc2a8800,
0x00007fb1bc0b0800, 0x00007fb1bc0af800, 0x00007fb1bc3a3800, 0x00007fb1bc2ab800,
0x00007fb1bc360000, 0x00007fb1bc0fb000, 0x00007fb1bc0b2800, 0x00007fb1bc0b5800,
0x00007fb1bc4f6000, 0x00007fb1bc0f9000, 0x00007fb1bc39e800, 0x00007fb1bc13a000,
0x00007fb1bc3aa800, 0x00007fb1bc6b1800, 0x00007fb1bc6fc000, 0x00007fb1bc745800,
0x00007fb1bc1f1000, 0x00007fb1bc177800, 0x00007fb1bc1b9800, 0x00007fb1bc4f7000,
0x00007fb1bc364000, 0x00007fb1bc5e7800, 0x00007fb1bc5e3800, 0x00007fb1bc982000,
0x00007fb1bc9cc800, 0x00007fb1bc5eb800, 0x00007fb1ec0ac000, 0x00007fb1ec064000,
0x00007fb1ec15c800, 0x00007fb1ec11a000, 0x00007fb1ec1ed000, 0x00007fb1bcb01000,
0x00007fb1bcb06800, 0x00007fb1b41e3800, 0x00007fb0f8003800, 0x00007fb1bcb0a000,
0x00007fb1c0002800, 0x00007fb1b820d000, 0x00007fb1b8257000, 0x00007fb1b8215000,
0x00007fb1bcb94800, 0x00007fb1bcb99800, 0x00007fb1bcbfb000, 0x00007fb1bcc42800,
0x00007fb1bcc01800, 0x00007fb1bccc8000, 0x00007fb1bcccf000, 0x00007fb1bcc48800,
0x00007fb1bcd09000, 0x00007fb1bcc07800, 0x00007fb1bcccd000, 0x00007fb1bcd48800,
0x00007fb1bcbff800, 0x00007fb1bce04800, 0x00007fb1bcc91800, 0x00007fb1bcd0c000,
0x00007fb1bcd4d800, 0x00007fb1bce7a000, 0x00007fb1bcf69000, 0x00007fb1bceb7000,
0x00007fb1bcf65000, 0x00007fb1bd057800, 0x00007fb1bd0d2000, 0x00007fb1bd0c9800,
0x00007fb1bd0d4000, 0x00007fb1bcfde800, 0x00007fb1bd18a800, 0x00007fb1bd112800,
0x00007fb1bd054800, 0x00007fb1bd26b000, 0x00007fb1bd237000, 0x00007fb1bd147000,
0x00007fb1bcfe1000, 0x00007fb1bd366800, 0x00007fb1bd364800, 0x00007fb1bd2b6800,
0x00007fb1bd14a000, 0x00007fb1bd2e8800, 0x00007fb1bd187800, 0x00007fb1d0023000,
0x00007fb1c809b000, 0x00007fb1c80e5000, 0x00007fb1c812f800, 0x00007fb1c8177800,
0x00007fb1c81be800, 0x00007fb1c8206000, 0x00007fb1c81c5800, 0x00007fb1c8295000,
0x00007fb1c82dd800, 0x00007fb1c8324000, 0x00007fb1c836b800, 0x00007fb1c83b4000,
0x00007fb1c83fb000, 0x00007fb1c8442800, 0x00007fb1c8402000, 0x00007fb1c84d1800,
0x00007fb1c8491000, 0x00007fb1c84d8800, 0x00007fb1c85a7800, 0x00007fb1c85ef000,
0x00007fb1c8639000, 0x00007fb1c85f5800, 0x00007fb1c863f800, 0x00007fb1c8688000,
0x00007fb1c86cf800, 0x00007fb1c8712800, 0x00007fb1c87e5800, 0x00007fb1c882d000,
0x00007fb1c8875000, 0x00007fb1c8830000, 0x00007fb1c8904000, 0x00007fb1c88c3000,
0x00007fb1c85ae800, 0x00007fb1c8952800, 0x00007fb1c8996800, 0x00007fb1c89de000,
0x00007fb1c8aad000, 0x00007fb1c8a6c800, 0x00007fb1c8b3b800, 0x00007fb1c8afb800,
0x00007fb1c8b42800, 0x00007fb1c8c11800, 0x00007fb1c8bd1000, 0x00007fb1c8c14800,
0x00007fb1c8c5f800, 0x00007fb1c8ca7000, 0x00007fb1c8d76000, 0x00007fb1c8dbd800,
0x00007fb1c8e05000, 0x00007fb1c8e4c800, 0x00007fb1c8e0b800, 0x00007fb1d807f800,
0x00007fb1b82f4800, 0x00007fb1d018e000, 0x00007fb1c00ae000, 0x00007fb1c00ff000
}

Java Threads: ( => current thread )
  0x00007fbba8027800 JavaThread "main" [_thread_blocked, id=45464, stack(0x00007fbbadcb5000,0x00007fbbaddb6000)]
  0x00007fbba814c800 JavaThread "Reference Handler" daemon [_thread_blocked, id=45466, stack(0x00007fbbacf7c000,0x00007fbbad07d000)]
  0x00007fbba819c000 JavaThread "Finalizer" daemon [_thread_blocked, id=45467, stack(0x00007fbbace7b000,0x00007fbbacf7c000)]
  0x00007fbba8038000 JavaThread "Signal Dispatcher" daemon [_thread_blocked, id=45468, stack(0x00007fbbaca93000,0x00007fbbacb94000)]
  0x00007fbba823c000 JavaThread "Service Thread" daemon [_thread_blocked, id=45469, stack(0x00007fbbac992000,0x00007fbbaca93000)]
  0x00007fbba8286800 JavaThread "C1 CompilerThread0" daemon [_thread_blocked, id=45470, stack(0x00007fbbac891000,0x00007fbbac992000)]
  0x00007fbba82d1000 JavaThread "Sweeper thread" daemon [_thread_blocked, id=45471, stack(0x00007fbbac790000,0x00007fbbac891000)]
  0x00007fbba837a000 JavaThread "Common-Cleaner" daemon [_thread_blocked, id=45472, stack(0x00007fbbac663000,0x00007fbbac764000)]
  0x00007fb1fc075800 JavaThread "C1 CompilerThread1" daemon [_thread_blocked, id=45473, stack(0x00007fbbac562000,0x00007fbbac663000)]
  0x00007fb1f8129800 JavaThread "C1 CompilerThread2" daemon [_thread_blocked, id=45474, stack(0x00007fbbac461000,0x00007fbbac562000)]
  0x00007fb1ec002000 JavaThread "C1 CompilerThread3" daemon [_thread_blocked, id=45475, stack(0x00007fbbac360000,0x00007fbbac461000)]
  0x00007fbba8615800 JavaThread "Thread-0" [_thread_blocked, id=45477, stack(0x00007fb218cff000,0x00007fb218e00000)]
  0x00007fbba86d4800 JavaThread "Reference Reaper" daemon [_thread_blocked, id=45478, stack(0x00007fb218bfe000,0x00007fb218cff000)]
  0x00007fbba9388000 JavaThread "MSC service thread 1-1" [_thread_blocked, id=45479, stack(0x00007fb2180fd000,0x00007fb2181fe000)]
  0x00007fbba9394800 JavaThread "MSC service thread 1-2" [_thread_blocked, id=45480, stack(0x00007fb1e3cff000,0x00007fb1e3e00000)]
=>0x00007fb1d0014000 JavaThread "MSC service thread 1-3" [_thread_in_vm, id=45481, stack(0x00007fb1e3bfe000,0x00007fb1e3cff000)]
  0x00007fb1d4001800 JavaThread "MSC service thread 1-4" [_thread_blocked, id=45482, stack(0x00007fb1e3afd000,0x00007fb1e3bfe000)]
  0x00007fb1d4007800 JavaThread "MSC service thread 1-5" [_thread_blocked, id=45483, stack(0x00007fb1e39fc000,0x00007fb1e3afd000)]
  0x00007fb1d4050800 JavaThread "MSC service thread 1-6" [_thread_blocked, id=45484, stack(0x00007fb1e38fb000,0x00007fb1e39fc000)]
  0x00007fb1d4098000 JavaThread "MSC service thread 1-7" [_thread_blocked, id=45485, stack(0x00007fb1e37fa000,0x00007fb1e38fb000)]
  0x00007fb1d40e1000 JavaThread "MSC service thread 1-8" [_thread_blocked, id=45486, stack(0x00007fb1e36f9000,0x00007fb1e37fa000)]
  0x00007fb1b818b000 JavaThread "Controller Boot Thread" [_thread_blocked, id=45487, stack(0x00007fb1e30f8000,0x00007fb1e32f9000)]
  0x00007fb1d8003800 JavaThread "ServerService Thread Pool -- 1" [_thread_blocked, id=45488, stack(0x00007fb1e2ff7000,0x00007fb1e30f8000)]
  0x00007fb1bc04e000 JavaThread "ServerService Thread Pool -- 2" [_thread_blocked, id=45489, stack(0x00007fb1e2cf6000,0x00007fb1e2df7000)]
  0x00007fb1bc0a3800 JavaThread "ServerService Thread Pool -- 3" [_thread_blocked, id=45490, stack(0x00007fb1e2bf5000,0x00007fb1e2cf6000)]
  0x00007fb1bc060000 JavaThread "ServerService Thread Pool -- 4" [_thread_blocked, id=45491, stack(0x00007fb1e2af4000,0x00007fb1e2bf5000)]
  0x00007fb1bc04f800 JavaThread "ServerService Thread Pool -- 5" [_thread_blocked, id=45492, stack(0x00007fb1e29f3000,0x00007fb1e2af4000)]
  0x00007fb1bc063800 JavaThread "ServerService Thread Pool -- 6" [_thread_blocked, id=45493, stack(0x00007fb1e28f2000,0x00007fb1e29f3000)]
  0x00007fb1bc06b800 JavaThread "ServerService Thread Pool -- 7" [_thread_blocked, id=45494, stack(0x00007fb1e27f1000,0x00007fb1e28f2000)]
  0x00007fb1bc05f000 JavaThread "ServerService Thread Pool -- 8" [_thread_blocked, id=45495, stack(0x00007fb1e26f0000,0x00007fb1e27f1000)]
  0x00007fb1bc0ad800 JavaThread "ServerService Thread Pool -- 9" [_thread_blocked, id=45496, stack(0x00007fb1e25ef000,0x00007fb1e26f0000)]
  0x00007fb1bc0ae800 JavaThread "ServerService Thread Pool -- 10" [_thread_blocked, id=45497, stack(0x00007fb1e24ee000,0x00007fb1e25ef000)]
  0x00007fb1bc0f4000 JavaThread "ServerService Thread Pool -- 11" [_thread_blocked, id=45498, stack(0x00007fb1e23ed000,0x00007fb1e24ee000)]
  0x00007fb1bc136000 JavaThread "ServerService Thread Pool -- 12" [_thread_blocked, id=45499, stack(0x00007fb1e22ec000,0x00007fb1e23ed000)]
  0x00007fb1bc1b7800 JavaThread "ServerService Thread Pool -- 13" [_thread_blocked, id=45500, stack(0x00007fb1e21eb000,0x00007fb1e22ec000)]
  0x00007fb1bc2a8800 JavaThread "ServerService Thread Pool -- 14" [_thread_blocked, id=45501, stack(0x00007fb1e20ea000,0x00007fb1e21eb000)]
  0x00007fb1bc0b0800 JavaThread "ServerService Thread Pool -- 15" [_thread_blocked, id=45502, stack(0x00007fb1e1fe9000,0x00007fb1e20ea000)]
  0x00007fb1bc0af800 JavaThread "ServerService Thread Pool -- 16" [_thread_blocked, id=45503, stack(0x00007fb1e1ee8000,0x00007fb1e1fe9000)]
  0x00007fb1bc3a3800 JavaThread "ServerService Thread Pool -- 17" [_thread_blocked, id=45504, stack(0x00007fb1e1de7000,0x00007fb1e1ee8000)]
  0x00007fb1bc2ab800 JavaThread "ServerService Thread Pool -- 18" [_thread_blocked, id=45505, stack(0x00007fb1e1ce6000,0x00007fb1e1de7000)]
  0x00007fb1bc360000 JavaThread "ServerService Thread Pool -- 19" [_thread_blocked, id=45506, stack(0x00007fb1e1be5000,0x00007fb1e1ce6000)]
  0x00007fb1bc0fb000 JavaThread "ServerService Thread Pool -- 20" [_thread_blocked, id=45507, stack(0x00007fb1e1ae4000,0x00007fb1e1be5000)]
  0x00007fb1bc0b2800 JavaThread "ServerService Thread Pool -- 21" [_thread_blocked, id=45508, stack(0x00007fb1e19e3000,0x00007fb1e1ae4000)]
  0x00007fb1bc0b5800 JavaThread "ServerService Thread Pool -- 22" [_thread_blocked, id=45509, stack(0x00007fb1e18e2000,0x00007fb1e19e3000)]
  0x00007fb1bc4f6000 JavaThread "ServerService Thread Pool -- 23" [_thread_blocked, id=45510, stack(0x00007fb1e17e1000,0x00007fb1e18e2000)]
  0x00007fb1bc0f9000 JavaThread "ServerService Thread Pool -- 24" [_thread_blocked, id=45511, stack(0x00007fb1e16e0000,0x00007fb1e17e1000)]
  0x00007fb1bc39e800 JavaThread "ServerService Thread Pool -- 25" [_thread_blocked, id=45512, stack(0x00007fb1e15df000,0x00007fb1e16e0000)]
  0x00007fb1bc13a000 JavaThread "ServerService Thread Pool -- 26" [_thread_blocked, id=45513, stack(0x00007fb1e14de000,0x00007fb1e15df000)]
  0x00007fb1bc3aa800 JavaThread "ServerService Thread Pool -- 27" [_thread_blocked, id=45514, stack(0x00007fb1e13dd000,0x00007fb1e14de000)]
  0x00007fb1bc6b1800 JavaThread "ServerService Thread Pool -- 28" [_thread_blocked, id=45515, stack(0x00007fb1e12dc000,0x00007fb1e13dd000)]
  0x00007fb1bc6fc000 JavaThread "ServerService Thread Pool -- 29" [_thread_blocked, id=45516, stack(0x00007fb1e11db000,0x00007fb1e12dc000)]
  0x00007fb1bc745800 JavaThread "ServerService Thread Pool -- 30" [_thread_blocked, id=45517, stack(0x00007fb1e10da000,0x00007fb1e11db000)]
  0x00007fb1bc1f1000 JavaThread "ServerService Thread Pool -- 31" [_thread_blocked, id=45518, stack(0x00007fb1e0fd9000,0x00007fb1e10da000)]
  0x00007fb1bc177800 JavaThread "ServerService Thread Pool -- 32" [_thread_blocked, id=45519, stack(0x00007fb1e0ed8000,0x00007fb1e0fd9000)]
  0x00007fb1bc1b9800 JavaThread "ServerService Thread Pool -- 33" [_thread_blocked, id=45520, stack(0x00007fb1e0dd7000,0x00007fb1e0ed8000)]
  0x00007fb1bc4f7000 JavaThread "ServerService Thread Pool -- 34" [_thread_blocked, id=45521, stack(0x00007fb1e0cd6000,0x00007fb1e0dd7000)]
  0x00007fb1bc364000 JavaThread "ServerService Thread Pool -- 35" [_thread_blocked, id=45522, stack(0x00007fb1e0bd5000,0x00007fb1e0cd6000)]
  0x00007fb1bc5e7800 JavaThread "ServerService Thread Pool -- 36" [_thread_blocked, id=45523, stack(0x00007fb1e0ad4000,0x00007fb1e0bd5000)]
  0x00007fb1bc5e3800 JavaThread "ServerService Thread Pool -- 37" [_thread_blocked, id=45524, stack(0x00007fb1e09d3000,0x00007fb1e0ad4000)]
  0x00007fb1bc982000 JavaThread "ServerService Thread Pool -- 38" [_thread_blocked, id=45525, stack(0x00007fb1e08d2000,0x00007fb1e09d3000)]
  0x00007fb1bc9cc800 JavaThread "ServerService Thread Pool -- 39" [_thread_blocked, id=45526, stack(0x00007fb1e07d1000,0x00007fb1e08d2000)]
  0x00007fb1bc5eb800 JavaThread "ServerService Thread Pool -- 40" [_thread_blocked, id=45527, stack(0x00007fb1e06d0000,0x00007fb1e07d1000)]
  0x00007fb1ec0ac000 JavaThread "C1 CompilerThread4" daemon [_thread_blocked, id=45528, stack(0x00007fb1e05cf000,0x00007fb1e06d0000)]
  0x00007fb1ec064000 JavaThread "C1 CompilerThread5" daemon [_thread_blocked, id=45529, stack(0x00007fb1e00ce000,0x00007fb1e01cf000)]
  0x00007fb1ec15c800 JavaThread "C1 CompilerThread6" daemon [_thread_blocked, id=45530, stack(0x00007fb117cff000,0x00007fb117e00000)]
  0x00007fb1ec11a000 JavaThread "C1 CompilerThread7" daemon [_thread_blocked, id=45531, stack(0x00007fb1177fe000,0x00007fb1178ff000)]
  0x00007fb1ec1ed000 JavaThread "C1 CompilerThread8" daemon [_thread_blocked, id=45532, stack(0x00007fb1176fd000,0x00007fb1177fe000)]
  0x00007fb1bcb01000 JavaThread "ServerService Thread Pool -- 41" [_thread_blocked, id=45533, stack(0x00007fb116bfc000,0x00007fb116cfd000)]
  0x00007fb1bcb06800 JavaThread "ServerService Thread Pool -- 42" [_thread_blocked, id=45534, stack(0x00007fb116afb000,0x00007fb116bfc000)]
  0x00007fb1b41e3800 JavaThread "DeploymentScanner-threads - 1" [_thread_blocked, id=45535, stack(0x00007fb1167fa000,0x00007fb1168fb000)]
  0x00007fb0f8003800 JavaThread "DeploymentScanner-threads - 2" [_thread_blocked, id=45536, stack(0x00007fb1166f9000,0x00007fb1167fa000)]
  0x00007fb1bcb0a000 JavaThread "ServerService Thread Pool -- 43" [_thread_blocked, id=45537, stack(0x00007fb1165f8000,0x00007fb1166f9000)]
  0x00007fb1c0002800 JavaThread "ServerService Thread Pool -- 44" [_thread_blocked, id=45538, stack(0x00007fb1162f7000,0x00007fb1163f8000)]
  0x00007fb1b820d000 JavaThread "management I/O-1" [_thread_in_native, id=45539, stack(0x00007fb1161f6000,0x00007fb1162f7000)]
  0x00007fb1b8257000 JavaThread "management I/O-2" [_thread_in_native, id=45540, stack(0x00007fb1160f5000,0x00007fb1161f6000)]
  0x00007fb1b8215000 JavaThread "management Accept" [_thread_in_native, id=45541, stack(0x00007fb115ff4000,0x00007fb1160f5000)]
  0x00007fb1bcb94800 JavaThread "ServerService Thread Pool -- 45" [_thread_blocked, id=45542, stack(0x00007fb115ef3000,0x00007fb115ff4000)]
  0x00007fb1bcb99800 JavaThread "ServerService Thread Pool -- 46" [_thread_blocked, id=45543, stack(0x00007fb115df2000,0x00007fb115ef3000)]
  0x00007fb1bcbfb000 JavaThread "ServerService Thread Pool -- 47" [_thread_blocked, id=45544, stack(0x00007fb115cf1000,0x00007fb115df2000)]
  0x00007fb1bcc42800 JavaThread "ServerService Thread Pool -- 48" [_thread_blocked, id=45545, stack(0x00007fb115bf0000,0x00007fb115cf1000)]
  0x00007fb1bcc01800 JavaThread "ServerService Thread Pool -- 49" [_thread_blocked, id=45546, stack(0x00007fb115aef000,0x00007fb115bf0000)]
  0x00007fb1bccc8000 JavaThread "ServerService Thread Pool -- 50" [_thread_blocked, id=45547, stack(0x00007fb1159ee000,0x00007fb115aef000)]
  0x00007fb1bcccf000 JavaThread "ServerService Thread Pool -- 51" [_thread_blocked, id=45548, stack(0x00007fb1158ed000,0x00007fb1159ee000)]
  0x00007fb1bcc48800 JavaThread "ServerService Thread Pool -- 52" [_thread_blocked, id=45549, stack(0x00007fb1157ec000,0x00007fb1158ed000)]
  0x00007fb1bcd09000 JavaThread "ServerService Thread Pool -- 53" [_thread_blocked, id=45550, stack(0x00007fb1156eb000,0x00007fb1157ec000)]
  0x00007fb1bcc07800 JavaThread "ServerService Thread Pool -- 54" [_thread_blocked, id=45551, stack(0x00007fb1155ea000,0x00007fb1156eb000)]
  0x00007fb1bcccd000 JavaThread "ServerService Thread Pool -- 55" [_thread_blocked, id=45552, stack(0x00007fb1154e9000,0x00007fb1155ea000)]
  0x00007fb1bcd48800 JavaThread "ServerService Thread Pool -- 56" [_thread_blocked, id=45553, stack(0x00007fb1153e8000,0x00007fb1154e9000)]
  0x00007fb1bcbff800 JavaThread "ServerService Thread Pool -- 57" [_thread_blocked, id=45554, stack(0x00007fb1152e7000,0x00007fb1153e8000)]
  0x00007fb1bce04800 JavaThread "ServerService Thread Pool -- 58" [_thread_blocked, id=45555, stack(0x00007fb1151e6000,0x00007fb1152e7000)]
  0x00007fb1bcc91800 JavaThread "ServerService Thread Pool -- 59" [_thread_blocked, id=45556, stack(0x00007fb1150e5000,0x00007fb1151e6000)]
  0x00007fb1bcd0c000 JavaThread "ServerService Thread Pool -- 60" [_thread_blocked, id=45557, stack(0x00007fb114fe4000,0x00007fb1150e5000)]
  0x00007fb1bcd4d800 JavaThread "ServerService Thread Pool -- 61" [_thread_blocked, id=45558, stack(0x00007fb114ee3000,0x00007fb114fe4000)]
  0x00007fb1bce7a000 JavaThread "ServerService Thread Pool -- 62" [_thread_blocked, id=45559, stack(0x00007fb114de2000,0x00007fb114ee3000)]
  0x00007fb1bcf69000 JavaThread "ServerService Thread Pool -- 63" [_thread_blocked, id=45560, stack(0x00007fb114ce1000,0x00007fb114de2000)]
  0x00007fb1bceb7000 JavaThread "ServerService Thread Pool -- 64" [_thread_blocked, id=45561, stack(0x00007fb114be0000,0x00007fb114ce1000)]
  0x00007fb1bcf65000 JavaThread "ServerService Thread Pool -- 65" [_thread_blocked, id=45562, stack(0x00007fb114adf000,0x00007fb114be0000)]
  0x00007fb1bd057800 JavaThread "ServerService Thread Pool -- 66" [_thread_blocked, id=45563, stack(0x00007fb1149de000,0x00007fb114adf000)]
  0x00007fb1bd0d2000 JavaThread "ServerService Thread Pool -- 67" [_thread_blocked, id=45564, stack(0x00007fb1148dd000,0x00007fb1149de000)]
  0x00007fb1bd0c9800 JavaThread "ServerService Thread Pool -- 68" [_thread_blocked, id=45565, stack(0x00007fb1147dc000,0x00007fb1148dd000)]
  0x00007fb1bd0d4000 JavaThread "ServerService Thread Pool -- 69" [_thread_blocked, id=45566, stack(0x00007fb1146db000,0x00007fb1147dc000)]
  0x00007fb1bcfde800 JavaThread "ServerService Thread Pool -- 70" [_thread_blocked, id=45567, stack(0x00007fb1145da000,0x00007fb1146db000)]
  0x00007fb1bd18a800 JavaThread "ServerService Thread Pool -- 71" [_thread_blocked, id=45568, stack(0x00007fb1144d9000,0x00007fb1145da000)]
  0x00007fb1bd112800 JavaThread "ServerService Thread Pool -- 72" [_thread_blocked, id=45569, stack(0x00007fb1143d8000,0x00007fb1144d9000)]
  0x00007fb1bd054800 JavaThread "ServerService Thread Pool -- 73" [_thread_blocked, id=45570, stack(0x00007fb1142d7000,0x00007fb1143d8000)]
  0x00007fb1bd26b000 JavaThread "ServerService Thread Pool -- 74" [_thread_blocked, id=45571, stack(0x00007fb06beff000,0x00007fb06c000000)]
  0x00007fb1bd237000 JavaThread "ServerService Thread Pool -- 75" [_thread_blocked, id=45572, stack(0x00007fb06bdfe000,0x00007fb06beff000)]
  0x00007fb1bd147000 JavaThread "ServerService Thread Pool -- 76" [_thread_blocked, id=45573, stack(0x00007fb06bcfd000,0x00007fb06bdfe000)]
  0x00007fb1bcfe1000 JavaThread "ServerService Thread Pool -- 77" [_thread_blocked, id=45574, stack(0x00007fb06bbfc000,0x00007fb06bcfd000)]
  0x00007fb1bd366800 JavaThread "ServerService Thread Pool -- 78" [_thread_blocked, id=45575, stack(0x00007fb06bafb000,0x00007fb06bbfc000)]
  0x00007fb1bd364800 JavaThread "ServerService Thread Pool -- 79" [_thread_blocked, id=45576, stack(0x00007fb06b9fa000,0x00007fb06bafb000)]
  0x00007fb1bd2b6800 JavaThread "ServerService Thread Pool -- 80" [_thread_blocked, id=45577, stack(0x00007fb06b8f9000,0x00007fb06b9fa000)]
  0x00007fb1bd14a000 JavaThread "ServerService Thread Pool -- 81" [_thread_blocked, id=45578, stack(0x00007fb06b7f8000,0x00007fb06b8f9000)]
  0x00007fb1bd2e8800 JavaThread "ServerService Thread Pool -- 82" [_thread_blocked, id=45579, stack(0x00007fb06b6f7000,0x00007fb06b7f8000)]
  0x00007fb1bd187800 JavaThread "ServerService Thread Pool -- 83" [_thread_blocked, id=45580, stack(0x00007fb06b5f6000,0x00007fb06b6f7000)]
  0x00007fb1d0023000 JavaThread "Timer-0" [_thread_blocked, id=45581, stack(0x00007fb06b4f5000,0x00007fb06b5f6000)]
  0x00007fb1c809b000 JavaThread "default I/O-1" [_thread_in_native, id=45582, stack(0x00007fb06b3f4000,0x00007fb06b4f5000)]
  0x00007fb1c80e5000 JavaThread "default I/O-2" [_thread_in_native, id=45583, stack(0x00007fb06b2f3000,0x00007fb06b3f4000)]
  0x00007fb1c812f800 JavaThread "default I/O-3" [_thread_in_native, id=45584, stack(0x00007fb06b1f2000,0x00007fb06b2f3000)]
  0x00007fb1c8177800 JavaThread "default I/O-4" [_thread_in_native, id=45585, stack(0x00007fb06b0f1000,0x00007fb06b1f2000)]
  0x00007fb1c81be800 JavaThread "default I/O-5" [_thread_in_native, id=45586, stack(0x00007fb06aff0000,0x00007fb06b0f1000)]
  0x00007fb1c8206000 JavaThread "default I/O-6" [_thread_in_native, id=45587, stack(0x00007fb06aeef000,0x00007fb06aff0000)]
  0x00007fb1c81c5800 JavaThread "default I/O-7" [_thread_in_native, id=45588, stack(0x00007fb06adee000,0x00007fb06aeef000)]
  0x00007fb1c8295000 JavaThread "default I/O-8" [_thread_in_native, id=45589, stack(0x00007fb06aced000,0x00007fb06adee000)]
  0x00007fb1c82dd800 JavaThread "default I/O-9" [_thread_in_native, id=45590, stack(0x00007fb06abec000,0x00007fb06aced000)]
  0x00007fb1c8324000 JavaThread "default I/O-10" [_thread_in_native, id=45591, stack(0x00007fb06aaeb000,0x00007fb06abec000)]
  0x00007fb1c836b800 JavaThread "default I/O-11" [_thread_in_native, id=45592, stack(0x00007fb06a9ea000,0x00007fb06aaeb000)]
  0x00007fb1c83b4000 JavaThread "default I/O-12" [_thread_in_native, id=45593, stack(0x00007fb06a8e9000,0x00007fb06a9ea000)]
  0x00007fb1c83fb000 JavaThread "default I/O-13" [_thread_in_native, id=45594, stack(0x00007fb06a7e8000,0x00007fb06a8e9000)]
  0x00007fb1c8442800 JavaThread "default I/O-14" [_thread_in_native, id=45595, stack(0x00007fb06a6e7000,0x00007fb06a7e8000)]
  0x00007fb1c8402000 JavaThread "default I/O-15" [_thread_in_native, id=45596, stack(0x00007fb06a5e6000,0x00007fb06a6e7000)]
  0x00007fb1c84d1800 JavaThread "default I/O-16" [_thread_in_native, id=45597, stack(0x00007fb06a4e5000,0x00007fb06a5e6000)]
  0x00007fb1c8491000 JavaThread "default I/O-17" [_thread_in_native, id=45598, stack(0x00007fb06a3e4000,0x00007fb06a4e5000)]
  0x00007fb1c84d8800 JavaThread "default I/O-18" [_thread_in_native, id=45599, stack(0x00007fb06a2e3000,0x00007fb06a3e4000)]
  0x00007fb1c85a7800 JavaThread "default I/O-19" [_thread_in_native, id=45600, stack(0x00007fb06a1e2000,0x00007fb06a2e3000)]
  0x00007fb1c85ef000 JavaThread "default I/O-20" [_thread_in_native, id=45601, stack(0x00007fb06a0e1000,0x00007fb06a1e2000)]
  0x00007fb1c8639000 JavaThread "default I/O-21" [_thread_in_native, id=45602, stack(0x00007fb069fe0000,0x00007fb06a0e1000)]
  0x00007fb1c85f5800 JavaThread "default I/O-22" [_thread_in_native, id=45603, stack(0x00007fb069edf000,0x00007fb069fe0000)]
  0x00007fb1c863f800 JavaThread "default I/O-23" [_thread_in_native, id=45604, stack(0x00007fb069dde000,0x00007fb069edf000)]
  0x00007fb1c8688000 JavaThread "default I/O-24" [_thread_in_native, id=45605, stack(0x00007fb069cdd000,0x00007fb069dde000)]
  0x00007fb1c86cf800 JavaThread "default I/O-25" [_thread_in_native, id=45606, stack(0x00007fb069bdc000,0x00007fb069cdd000)]
  0x00007fb1c8712800 JavaThread "default I/O-26" [_thread_in_native, id=45607, stack(0x00007fb069adb000,0x00007fb069bdc000)]
  0x00007fb1c87e5800 JavaThread "default I/O-27" [_thread_in_native, id=45608, stack(0x00007fb0699da000,0x00007fb069adb000)]
  0x00007fb1c882d000 JavaThread "default I/O-28" [_thread_in_native, id=45609, stack(0x00007fb0698d9000,0x00007fb0699da000)]
  0x00007fb1c8875000 JavaThread "default I/O-29" [_thread_in_native, id=45610, stack(0x00007fb0697d8000,0x00007fb0698d9000)]
  0x00007fb1c8830000 JavaThread "default I/O-30" [_thread_in_native, id=45611, stack(0x00007fb0696d7000,0x00007fb0697d8000)]
  0x00007fb1c8904000 JavaThread "default I/O-31" [_thread_in_native, id=45612, stack(0x00007fb0695d6000,0x00007fb0696d7000)]
  0x00007fb1c88c3000 JavaThread "default I/O-32" [_thread_in_native, id=45613, stack(0x00007fb0694d5000,0x00007fb0695d6000)]
  0x00007fb1c85ae800 JavaThread "default I/O-33" [_thread_in_native, id=45614, stack(0x00007fb0693d4000,0x00007fb0694d5000)]
  0x00007fb1c8952800 JavaThread "default I/O-34" [_thread_in_native, id=45615, stack(0x00007fb0692d3000,0x00007fb0693d4000)]
  0x00007fb1c8996800 JavaThread "default I/O-35" [_thread_in_native, id=45616, stack(0x00007fb0691d2000,0x00007fb0692d3000)]
  0x00007fb1c89de000 JavaThread "default I/O-36" [_thread_in_native, id=45617, stack(0x00007fb0690d1000,0x00007fb0691d2000)]
  0x00007fb1c8aad000 JavaThread "default I/O-37" [_thread_in_native, id=45618, stack(0x00007fb068fd0000,0x00007fb0690d1000)]
  0x00007fb1c8a6c800 JavaThread "default I/O-38" [_thread_in_native, id=45619, stack(0x00007fb068ecf000,0x00007fb068fd0000)]
  0x00007fb1c8b3b800 JavaThread "default I/O-39" [_thread_in_native, id=45620, stack(0x00007fb068dce000,0x00007fb068ecf000)]
  0x00007fb1c8afb800 JavaThread "default I/O-40" [_thread_in_native, id=45621, stack(0x00007fb068ccd000,0x00007fb068dce000)]
  0x00007fb1c8b42800 JavaThread "default I/O-41" [_thread_in_native, id=45622, stack(0x00007fb068bcc000,0x00007fb068ccd000)]
  0x00007fb1c8c11800 JavaThread "default I/O-42" [_thread_in_native, id=45623, stack(0x00007fb068acb000,0x00007fb068bcc000)]
  0x00007fb1c8bd1000 JavaThread "default I/O-43" [_thread_in_native, id=45624, stack(0x00007fb0689ca000,0x00007fb068acb000)]
  0x00007fb1c8c14800 JavaThread "default I/O-44" [_thread_in_native, id=45625, stack(0x00007fb0688c9000,0x00007fb0689ca000)]
  0x00007fb1c8c5f800 JavaThread "default I/O-45" [_thread_in_native, id=45626, stack(0x00007fb0685c8000,0x00007fb0686c9000)]
  0x00007fb1c8ca7000 JavaThread "default I/O-46" [_thread_in_native, id=45627, stack(0x00007fb0684c7000,0x00007fb0685c8000)]
  0x00007fb1c8d76000 JavaThread "default I/O-47" [_thread_in_native, id=45628, stack(0x00007fb0683c6000,0x00007fb0684c7000)]
  0x00007fb1c8dbd800 JavaThread "default I/O-48" [_thread_in_native, id=45629, stack(0x00007fb0682c5000,0x00007fb0683c6000)]
  0x00007fb1c8e05000 JavaThread "default I/O-49" [_thread_in_native, id=45630, stack(0x00007fb0681c4000,0x00007fb0682c5000)]
  0x00007fb1c8e4c800 JavaThread "default I/O-50" [_thread_in_native, id=45631, stack(0x00007fb0680c3000,0x00007fb0681c4000)]
  0x00007fb1c8e0b800 JavaThread "default Accept" [_thread_in_native, id=45632, stack(0x00007faf6feff000,0x00007faf70000000)]
  0x00007fb1d807f800 JavaThread "ConnectionValidator" daemon [_thread_blocked, id=45633, stack(0x00007faf6fbfe000,0x00007faf6fcff000)]
  0x00007fb1b82f4800 JavaThread "IdleRemover" daemon [_thread_blocked, id=45634, stack(0x00007faf6fafd000,0x00007faf6fbfe000)]
  0x00007fb1d018e000 JavaThread "Timer-1" [_thread_blocked, id=45635, stack(0x00007faf6f3fc000,0x00007faf6f4fd000)]
  0x00007fb1c00ae000 JavaThread "XNIO-1 I/O-1" daemon [_thread_in_native, id=45636, stack(0x00007faf6f0fb000,0x00007faf6f1fc000)]
  0x00007fb1c00ff000 JavaThread "XNIO-1 Accept" daemon [_thread_in_native, id=45637, stack(0x00007faf6effa000,0x00007faf6f0fb000)]

Other Threads:
  0x00007fbba80fc000 VMThread "VM Thread" [stack: 0x00007fbbad07f000,0x00007fbbad17f000] [id=45465]
  0x00007fbba8497800 WatcherThread [stack: 0x00007fbbac260000,0x00007fbbac360000] [id=45476]

Threads with active compile tasks:

VM state:synchronizing (normal execution)

VM Mutex/Monitor currently owned by a thread:  ([mutex/lock_event])
[0x00007fbba8023f40] Threads_lock - owner thread: 0x00007fbba80fc000
[0x00007fbba8024720] Heap_lock - owner thread: 0x00007fb1bd14a000

Heap:
Epsilon Heap
Allocation space:
 Metaspace       used 63410K, capacity 68637K, committed 68696K, reserved 71680K


Polling page: 0x00007fbbaf33a000

Metaspace:

Usage:
   67.03 MB capacity,    61.92 MB ( 92%) used,     4.84 MB (  7%) free+waste,   273.75 KB ( <1%) overhead. 

Virtual space:
     70.00 MB reserved,      67.09 MB ( 96%) committed 

Chunk freelists:
59.00 KB

MaxMetaspaceSize: unlimited
No class space
Initial GC threshold: 20.80 MB
Current GC threshold: 67.16 MB
CDS: off

CodeHeap 'non-profiled nmethods': size=116940Kb used=657Kb max_used=657Kb free=116282Kb
 bounds [0x00007fbba0dcd000, 0x00007fbba103d000, 0x00007fbba8000000]
CodeHeap 'profiled nmethods': size=116940Kb used=11897Kb max_used=11897Kb free=105042Kb
 bounds [0x00007fbb99b9a000, 0x00007fbb9a73a000, 0x00007fbba0dcd000]
CodeHeap 'non-nmethods': size=11880Kb used=5818Kb max_used=5818Kb free=6061Kb
 bounds [0x00007fbb99000000, 0x00007fbb995b0000, 0x00007fbb99b9a000]
 total_blobs=5229 nmethods=4595 adapters=555
 compilation: enabled
              stopped_count=0, restarted_count=0
 full_count=0

Compilation events (20 events):
Event: 12.264 Thread 0x00007fb1fc075800 4587       3       org.jboss.msc.service.ServiceBuilderImpl::addDependency (11 bytes)
Event: 12.264 Thread 0x00007fb1ec15c800 4588       3       org.jboss.msc.service.ServiceBuilderImpl::addDependency (48 bytes)
Event: 12.264 Thread 0x00007fbba8286800 4589       3       org.jboss.msc.inject.Injectors::cast (10 bytes)
Event: 12.264 Thread 0x00007fb1ec1ed000 nmethod 4586 0x00007fbb9a72fb10 code [0x00007fbb9a72fcc0, 0x00007fbb9a72fef0]
Event: 12.264 Thread 0x00007fb1ec11a000 4590       3       java.security.SecureClassLoader$CodeSourceKey::equals (56 bytes)
Event: 12.265 Thread 0x00007fbba8286800 nmethod 4589 0x00007fbb9a730010 code [0x00007fbb9a7301c0, 0x00007fbb9a7303f0]
Event: 12.265 Thread 0x00007fb1ec0ac000 nmethod 4585 0x00007fbb9a730510 code [0x00007fbb9a7306c0, 0x00007fbb9a730810]
Event: 12.265 Thread 0x00007fb1ec064000 4591       3       java.util.ArrayList$SubList::get (27 bytes)
Event: 12.265 Thread 0x00007fb1fc075800 nmethod 4587 0x00007fbb9a730910 code [0x00007fbb9a730ac0, 0x00007fbb9a730c00]
Event: 12.266 Thread 0x00007fb1ec11a000 nmethod 4590 0x00007fbb9a730c90 code [0x00007fbb9a730ea0, 0x00007fbb9a731490]
Event: 12.266 Thread 0x00007fb1ec064000 nmethod 4591 0x00007fbb9a731690 code [0x00007fbb9a7318e0, 0x00007fbb9a7321f0]
Event: 12.266 Thread 0x00007fb1ec15c800 nmethod 4588 0x00007fbb9a732590 code [0x00007fbb9a732840, 0x00007fbb9a733670]
Event: 12.267 Thread 0x00007fb1ec15c800 4595       3       org.jboss.modules.LocalModuleFinder::toString (92 bytes)
Event: 12.267 Thread 0x00007fb1ec002000 4592       3       org.jboss.modules.Module::toString (75 bytes)
Event: 12.267 Thread 0x00007fb1f8129800 4593       3       org.jboss.modules.LocalModuleLoader::toString (49 bytes)
Event: 12.267 Thread 0x00007fbba8286800 4594       3       org.jboss.modules.ModuleLoader::getFinders (25 bytes)
Event: 12.269 Thread 0x00007fbba8286800 nmethod 4594 0x00007fbb9a733b10 code [0x00007fbb9a733ce0, 0x00007fbb9a734000]
Event: 12.269 Thread 0x00007fb1ec15c800 nmethod 4595 0x00007fbb9a734110 code [0x00007fbb9a734400, 0x00007fbb9a735220]
Event: 12.271 Thread 0x00007fb1f8129800 nmethod 4593 0x00007fbb9a735810 code [0x00007fbb9a735b20, 0x00007fbb9a736a30]
Event: 12.271 Thread 0x00007fb1ec002000 nmethod 4592 0x00007fbb9a736f10 code [0x00007fbb9a737220, 0x00007fbb9a738040]

GC Heap History (0 events):
No events

Deoptimization events (2 events):
Event: 11.780 Thread 0x00007fbba9394800 DEOPT PACKING pc=0x00007fbb9a37480c sp=0x00007fb1e3dfdf70
Event: 11.780 Thread 0x00007fbba9394800 DEOPT UNPACKING pc=0x00007fbb9904a62b sp=0x00007fb1e3dfd4c0 mode 0

Classes redefined (0 events):
No events

Internal exceptions (20 events):
Event: 11.914 Thread 0x00007fbba8027800 Exception <a 'java/net/ConnectException'{0x00007fb3a2c1aec0}> (0x00007fb3a2c1aec0) thrown at [src/hotspot/share/prims/jni.cpp, line 617]
Event: 11.925 Thread 0x00007fb1d4007800 Exception <a 'java/lang/LinkageError'{0x00007fb3b86b5f80}: loader 'org.jboss.as.ejb3@26.1.3.Final' @569b69de attempted duplicate class definition for org.jboss.as.ejb3.component.pool.StrictMaxPoolConfigService$1. (org.jboss.as.ejb3.component.pool.StrictMaxPoolConfigService$1 is in unnamed module of loader 'org.jboss.as.ejb3@26.1.3.Final' @569b69de, parent loader 'app')> (0x00007fb3b86b5f80) thrown at [src/hotspot/share/classfile/systemDictionary.cpp, line 2260]
Event: 11.925 Thread 0x00007fb1d4007800 Exception <a 'java/lang/LinkageError'{0x00007fb3b86b5f80}> (0x00007fb3b86b5f80) thrown at [src/hotspot/share/classfile/systemDictionary.cpp, line 1829]
Event: 11.934 Thread 0x00007fb1d0014000 Exception <a 'java/lang/LinkageError'{0x00007fb3a192cb80}: loader 'org.jboss.as.ejb3@26.1.3.Final' @569b69de attempted duplicate interface definition for org.jboss.as.ejb3.logging.EjbLogger. (org.jboss.as.ejb3.logging.EjbLogger is in unnamed module of loader 'org.jboss.as.ejb3@26.1.3.Final' @569b69de, parent loader 'app')> (0x00007fb3a192cb80) thrown at [src/hotspot/share/classfile/systemDictionary.cpp, line 2260]
Event: 11.934 Thread 0x00007fb1d0014000 Exception <a 'java/lang/LinkageError'{0x00007fb3a192cb80}> (0x00007fb3a192cb80) thrown at [src/hotspot/share/classfile/systemDictionary.cpp, line 1829]
Event: 11.957 Thread 0x00007fb1bce04800 Exception <a 'java/lang/NoSuchMethodError'{0x00007fb3ba44e300}: 'void java.lang.invoke.DirectMethodHandle$Holder.invokeSpecialIFC(java.lang.Object, java.lang.Object, java.lang.Object, java.lang.Object)'> (0x00007fb3ba44e300) thrown at [src/hotspot/share/interpreter/linkResolver.cpp, line 772]
Event: 11.958 Thread 0x00007fb1d4001800 Exception <a 'java/lang/NoSuchMethodError'{0x00007fb3a1cb4b00}: 'java.lang.Object java.lang.invoke.DirectMethodHandle$Holder.invokeStatic(java.lang.Object, java.lang.Object, java.lang.Object, java.lang.Object, java.lang.Object, java.lang.Object, java.lang.Object, java.lang.Object, int, int, int, int, int, int, int, int, java.lang.Object)'> (0x00007fb3a1cb4b00) thrown at [src/hotspot/share/interpreter/linkResolver.cpp, line 772]
Event: 11.996 Thread 0x00007fb1bce04800 Exception <a 'java/lang/NoSuchMethodError'{0x00007fb3ba450ec0}: 'java.lang.Object java.lang.invoke.DirectMethodHandle$Holder.newInvokeSpecial(java.lang.Object, java.lang.Object, java.lang.Object, java.lang.Object)'> (0x00007fb3ba450ec0) thrown at [src/hotspot/share/interpreter/linkResolver.cpp, line 772]
Event: 12.071 Thread 0x00007fb1bce04800 Exception <a 'java/lang/LinkageError'{0x00007fb3ba453300}: loader 'org.wildfly.clustering.server@26.1.3.Final' @7e465852 attempted duplicate class definition for org.wildfly.clustering.server.singleton.SingletonServiceConfiguratorFactoryServiceConfiguratorProvider. (org.wildfly.clustering.server.singleton.SingletonServiceConfiguratorFactoryServiceConfiguratorProvider is in unnamed module of loader 'org.wildfly.clustering.server@26.1.3.Final' @7e465852, parent loader 'app')> (0x00007fb3ba453300) thrown at [
Event: 12.071 Thread 0x00007fb1bce04800 Exception <a 'java/lang/LinkageError'{0x00007fb3ba453300}> (0x00007fb3ba453300) thrown at [src/hotspot/share/classfile/systemDictionary.cpp, line 1829]
Event: 12.098 Thread 0x00007fb1d40e1000 Exception <a 'java/lang/LinkageError'{0x00007fb3b9d6d100}: loader 'io.undertow.core@2.2.19.Final' @45385f75 attempted duplicate class definition for io.undertow.server.handlers.cache.DirectBufferCache. (io.undertow.server.handlers.cache.DirectBufferCache is in unnamed module of loader 'io.undertow.core@2.2.19.Final' @45385f75, parent loader 'app')> (0x00007fb3b9d6d100) thrown at [src/hotspot/share/classfile/systemDictionary.cpp, line 2260]
Event: 12.098 Thread 0x00007fb1d40e1000 Exception <a 'java/lang/LinkageError'{0x00007fb3b9d6d100}> (0x00007fb3b9d6d100) thrown at [src/hotspot/share/classfile/systemDictionary.cpp, line 1829]
Event: 12.100 Thread 0x00007fb1d4098000 Exception <a 'java/lang/LinkageError'{0x00007fb3ba775f80}: loader 'io.undertow.core@2.2.19.Final' @45385f75 attempted duplicate class definition for io.undertow.server.handlers.cache.LimitedBufferSlicePool. (io.undertow.server.handlers.cache.LimitedBufferSlicePool is in unnamed module of loader 'io.undertow.core@2.2.19.Final' @45385f75, parent loader 'app')> (0x00007fb3ba775f80) thrown at [src/hotspot/share/classfile/systemDictionary.cpp, line 2260]
Event: 12.100 Thread 0x00007fb1d4098000 Exception <a 'java/lang/LinkageError'{0x00007fb3ba775f80}> (0x00007fb3ba775f80) thrown at [src/hotspot/share/classfile/systemDictionary.cpp, line 1829]
Event: 12.103 Thread 0x00007fb1d40e1000 Exception <a 'java/lang/LinkageError'{0x00007fb3b9d6d4c0}: loader 'io.undertow.core@2.2.19.Final' @45385f75 attempted duplicate abstract class definition for io.undertow.util.ConcurrentDirectDeque. (io.undertow.util.ConcurrentDirectDeque is in unnamed module of loader 'io.undertow.core@2.2.19.Final' @45385f75, parent loader 'app')> (0x00007fb3b9d6d4c0) thrown at [src/hotspot/share/classfile/systemDictionary.cpp, line 2260]
Event: 12.103 Thread 0x00007fb1d40e1000 Exception <a 'java/lang/LinkageError'{0x00007fb3b9d6d4c0}> (0x00007fb3b9d6d4c0) thrown at [src/hotspot/share/classfile/systemDictionary.cpp, line 1829]
Event: 12.124 Thread 0x00007fbba8027800 Exception <a 'java/net/ConnectException'{0x00007fb3a2c1b100}> (0x00007fb3a2c1b100) thrown at [src/hotspot/share/prims/jni.cpp, line 617]
Event: 12.236 Thread 0x00007fbba9388000 Exception <a 'java/lang/ClassNotFoundException'{0x00007fb3bbde7a00}: sun/net/www/protocol/corbaloc/Handler> (0x00007fb3bbde7a00) thrown at [src/hotspot/share/classfile/systemDictionary.cpp, line 238]
Event: 12.263 Thread 0x00007fb1bd14a000 Exception <a 'java/lang/LinkageError'{0x00007fb3bb5799c0}: loader 'javax.annotation.api@2.0.1.Final' @3d3aac94 attempted duplicate interface definition for javax.annotation.security.RunAs. (javax.annotation.security.RunAs is in unnamed module of loader 'javax.annotation.api@2.0.1.Final' @3d3aac94, parent loader 'app')> (0x00007fb3bb5799c0) thrown at [src/hotspot/share/classfile/systemDictionary.cpp, line 2260]
Event: 12.263 Thread 0x00007fb1bd14a000 Exception <a 'java/lang/LinkageError'{0x00007fb3bb5799c0}> (0x00007fb3bb5799c0) thrown at [src/hotspot/share/classfile/systemDictionary.cpp, line 1829]

Events (20 events):
Event: 12.254 loading class org/xnio/nio/NioTcpServer done
Event: 12.255 loading class org/xnio/nio/QueuedNioTcpServer2
Event: 12.255 loading class org/xnio/nio/QueuedNioTcpServer2 done
Event: 12.257 Executing VM operation: CollectForMetadataAllocation
Event: 12.259 Executing VM operation: CollectForMetadataAllocation done
Event: 12.260 loading class org/wildfly/security/auth/client/AuthenticationContextConfigurationClient
Event: 12.260 loading class org/wildfly/security/auth/client/AuthenticationContextConfigurationClient done
Event: 12.260 loading class org/wildfly/security/auth/client/AuthenticationContextConfigurationClient
Event: 12.260 loading class org/wildfly/security/auth/client/AuthenticationContextConfigurationClient done
Event: 12.264 loading class java/util/zip/Deflater
Event: 12.265 loading class org/wildfly/extension/undertow/ListenerService
Event: 12.265 loading class org/wildfly/extension/undertow/ListenerService done
Event: 12.265 loading class java/util/zip/Deflater done
Event: 12.266 loading class java/security/InvalidAlgorithmParameterException
Event: 12.267 loading class java/security/InvalidAlgorithmParameterException done
Event: 12.269 loading class org/wildfly/common/context/ContextManager
Event: 12.269 loading class org/wildfly/common/context/ContextManager done
Event: 12.272 loading class javax/crypto/KeyAgreement
Event: 12.273 Executing VM operation: CollectForMetadataAllocation
Event: 12.273 loading class javax/crypto/KeyAgreement done


Dynamic libraries:
55ab72303000-55ab72304000 r--p 00000000 fe:01 575715                     /home/adam/jdk11u/build/linux-x86_64-normal-server-release/jdk/bin/java
55ab72304000-55ab72305000 r-xp 00001000 fe:01 575715                     /home/adam/jdk11u/build/linux-x86_64-normal-server-release/jdk/bin/java
55ab72305000-55ab72306000 r--p 00002000 fe:01 575715                     /home/adam/jdk11u/build/linux-x86_64-normal-server-release/jdk/bin/java
55ab72306000-55ab72307000 r--p 00002000 fe:01 575715                     /home/adam/jdk11u/build/linux-x86_64-normal-server-release/jdk/bin/java
55ab72307000-55ab72308000 rw-p 00003000 fe:01 575715                     /home/adam/jdk11u/build/linux-x86_64-normal-server-release/jdk/bin/java
55ab73b7d000-55ab73b9e000 rw-p 00000000 00:00 0                          [heap]
7faf50000000-7faf50021000 rw-p 00000000 00:00 0 
7faf50021000-7faf54000000 ---p 00000000 00:00 0 
7faf58000000-7faf58021000 rw-p 00000000 00:00 0 
7faf58021000-7faf5c000000 ---p 00000000 00:00 0 
7faf5c000000-7faf5c021000 rw-p 00000000 00:00 0 
7faf5c021000-7faf60000000 ---p 00000000 00:00 0 
7faf60000000-7faf60021000 rw-p 00000000 00:00 0 
7faf60021000-7faf64000000 ---p 00000000 00:00 0 
7faf64000000-7faf64021000 rw-p 00000000 00:00 0 
7faf64021000-7faf68000000 ---p 00000000 00:00 0 
7faf68000000-7faf68021000 rw-p 00000000 00:00 0 
7faf68021000-7faf6c000000 ---p 00000000 00:00 0 
7faf6ea5b000-7faf6ee60000 rw-p 00000000 00:00 0 
7faf6ee60000-7faf6effa000 ---p 00000000 00:00 0 
7faf6effa000-7faf6effe000 ---p 00000000 00:00 0 
7faf6effe000-7faf6f0fb000 rw-p 00000000 00:00 0 
7faf6f0fb000-7faf6f0ff000 ---p 00000000 00:00 0 
7faf6f0ff000-7faf6f3ee000 rw-p 00000000 00:00 0 
7faf6f3ee000-7faf6f3fc000 ---p 00000000 00:00 0 
7faf6f3fc000-7faf6f400000 ---p 00000000 00:00 0 
7faf6f400000-7faf6f6ef000 rw-p 00000000 00:00 0 
7faf6f6ef000-7faf6f6fd000 ---p 00000000 00:00 0 
7faf6f6fd000-7faf6f8ef000 rw-p 00000000 00:00 0 
7faf6f8ef000-7faf6f8fd000 ---p 00000000 00:00 0 
7faf6f8fd000-7faf6faef000 rw-p 00000000 00:00 0 
7faf6faef000-7faf6fafd000 ---p 00000000 00:00 0 
7faf6fafd000-7faf6fb01000 ---p 00000000 00:00 0 
7faf6fb01000-7faf6fbfe000 rw-p 00000000 00:00 0 
7faf6fbfe000-7faf6fc02000 ---p 00000000 00:00 0 
7faf6fc02000-7faf6fef1000 rw-p 00000000 00:00 0 
7faf6fef1000-7faf6feff000 ---p 00000000 00:00 0 
7faf6feff000-7faf6ff03000 ---p 00000000 00:00 0 
7faf6ff03000-7faf70000000 rw-p 00000000 00:00 0 
7faf70000000-7faf70021000 rw-p 00000000 00:00 0 
7faf70021000-7faf74000000 ---p 00000000 00:00 0 
7faf74000000-7faf74021000 rw-p 00000000 00:00 0 
7faf74021000-7faf78000000 ---p 00000000 00:00 0 
7faf78000000-7faf78021000 rw-p 00000000 00:00 0 
7faf78021000-7faf7c000000 ---p 00000000 00:00 0 
7faf7c000000-7faf7c021000 rw-p 00000000 00:00 0 
7faf7c021000-7faf80000000 ---p 00000000 00:00 0 
7faf80000000-7faf80021000 rw-p 00000000 00:00 0 
7faf80021000-7faf84000000 ---p 00000000 00:00 0 
7faf84000000-7faf84021000 rw-p 00000000 00:00 0 
7faf84021000-7faf88000000 ---p 00000000 00:00 0 
7faf88000000-7faf88021000 rw-p 00000000 00:00 0 
7faf88021000-7faf8c000000 ---p 00000000 00:00 0 
7faf8c000000-7faf8c021000 rw-p 00000000 00:00 0 
7faf8c021000-7faf90000000 ---p 00000000 00:00 0 
7faf90000000-7faf90021000 rw-p 00000000 00:00 0 
7faf90021000-7faf94000000 ---p 00000000 00:00 0 
7faf94000000-7faf94021000 rw-p 00000000 00:00 0 
7faf94021000-7faf98000000 ---p 00000000 00:00 0 
7faf98000000-7faf98021000 rw-p 00000000 00:00 0 
7faf98021000-7faf9c000000 ---p 00000000 00:00 0 
7faf9c000000-7faf9c021000 rw-p 00000000 00:00 0 
7faf9c021000-7fafa0000000 ---p 00000000 00:00 0 
7fafa0000000-7fafa0021000 rw-p 00000000 00:00 0 
7fafa0021000-7fafa4000000 ---p 00000000 00:00 0 
7fafa4000000-7fafa4021000 rw-p 00000000 00:00 0 
7fafa4021000-7fafa8000000 ---p 00000000 00:00 0 
7fafa8000000-7fafa8021000 rw-p 00000000 00:00 0 
7fafa8021000-7fafac000000 ---p 00000000 00:00 0 
7fafac000000-7fafac021000 rw-p 00000000 00:00 0 
7fafac021000-7fafb0000000 ---p 00000000 00:00 0 
7fafb0000000-7fafb0021000 rw-p 00000000 00:00 0 
7fafb0021000-7fafb4000000 ---p 00000000 00:00 0 
7fafb4000000-7fafb4021000 rw-p 00000000 00:00 0 
7fafb4021000-7fafb8000000 ---p 00000000 00:00 0 
7fafb8000000-7fafb8021000 rw-p 00000000 00:00 0 
7fafb8021000-7fafbc000000 ---p 00000000 00:00 0 
7fafbc000000-7fafbc021000 rw-p 00000000 00:00 0 
7fafbc021000-7fafc0000000 ---p 00000000 00:00 0 
7fafc0000000-7fafc0021000 rw-p 00000000 00:00 0 
7fafc0021000-7fafc4000000 ---p 00000000 00:00 0 
7fafc4000000-7fafc4021000 rw-p 00000000 00:00 0 
7fafc4021000-7fafc8000000 ---p 00000000 00:00 0 
7fafc8000000-7fafc8021000 rw-p 00000000 00:00 0 
7fafc8021000-7fafcc000000 ---p 00000000 00:00 0 
7fafcc000000-7fafcc021000 rw-p 00000000 00:00 0 
7fafcc021000-7fafd0000000 ---p 00000000 00:00 0 
7fafd0000000-7fafd0021000 rw-p 00000000 00:00 0 
7fafd0021000-7fafd4000000 ---p 00000000 00:00 0 
7fafd4000000-7fafd4021000 rw-p 00000000 00:00 0 
7fafd4021000-7fafd8000000 ---p 00000000 00:00 0 
7fafd8000000-7fafd8021000 rw-p 00000000 00:00 0 
7fafd8021000-7fafdc000000 ---p 00000000 00:00 0 
7fafdc000000-7fafdc021000 rw-p 00000000 00:00 0 
7fafdc021000-7fafe0000000 ---p 00000000 00:00 0 
7fafe0000000-7fafe0021000 rw-p 00000000 00:00 0 
7fafe0021000-7fafe4000000 ---p 00000000 00:00 0 
7fafe4000000-7fafe4021000 rw-p 00000000 00:00 0 
7fafe4021000-7fafe8000000 ---p 00000000 00:00 0 
7fafe8000000-7fafe8021000 rw-p 00000000 00:00 0 
7fafe8021000-7fafec000000 ---p 00000000 00:00 0 
7fafec000000-7fafec021000 rw-p 00000000 00:00 0 
7fafec021000-7faff0000000 ---p 00000000 00:00 0 
7faff0000000-7faff0021000 rw-p 00000000 00:00 0 
7faff0021000-7faff4000000 ---p 00000000 00:00 0 
7faff4000000-7faff4021000 rw-p 00000000 00:00 0 
7faff4021000-7faff8000000 ---p 00000000 00:00 0 
7faff8000000-7faff8021000 rw-p 00000000 00:00 0 
7faff8021000-7faffc000000 ---p 00000000 00:00 0 
7faffc000000-7faffc021000 rw-p 00000000 00:00 0 
7faffc021000-7fb000000000 ---p 00000000 00:00 0 
7fb000000000-7fb000021000 rw-p 00000000 00:00 0 
7fb000021000-7fb004000000 ---p 00000000 00:00 0 
7fb004000000-7fb004021000 rw-p 00000000 00:00 0 
7fb004021000-7fb008000000 ---p 00000000 00:00 0 
7fb008000000-7fb008021000 rw-p 00000000 00:00 0 
7fb008021000-7fb00c000000 ---p 00000000 00:00 0 
7fb00c000000-7fb00c021000 rw-p 00000000 00:00 0 
7fb00c021000-7fb010000000 ---p 00000000 00:00 0 
7fb010000000-7fb010021000 rw-p 00000000 00:00 0 
7fb010021000-7fb014000000 ---p 00000000 00:00 0 
7fb014000000-7fb014021000 rw-p 00000000 00:00 0 
7fb014021000-7fb018000000 ---p 00000000 00:00 0 
7fb018000000-7fb018021000 rw-p 00000000 00:00 0 
7fb018021000-7fb01c000000 ---p 00000000 00:00 0 
7fb01c000000-7fb01c021000 rw-p 00000000 00:00 0 
7fb01c021000-7fb020000000 ---p 00000000 00:00 0 
7fb020000000-7fb020021000 rw-p 00000000 00:00 0 
7fb020021000-7fb024000000 ---p 00000000 00:00 0 
7fb024000000-7fb024021000 rw-p 00000000 00:00 0 
7fb024021000-7fb028000000 ---p 00000000 00:00 0 
7fb028000000-7fb028021000 rw-p 00000000 00:00 0 
7fb028021000-7fb02c000000 ---p 00000000 00:00 0 
7fb02c000000-7fb02c021000 rw-p 00000000 00:00 0 
7fb02c021000-7fb030000000 ---p 00000000 00:00 0 
7fb030000000-7fb030021000 rw-p 00000000 00:00 0 
7fb030021000-7fb034000000 ---p 00000000 00:00 0 
7fb034000000-7fb034021000 rw-p 00000000 00:00 0 
7fb034021000-7fb038000000 ---p 00000000 00:00 0 
7fb038000000-7fb038056000 rw-p 00000000 00:00 0 
7fb038056000-7fb03c000000 ---p 00000000 00:00 0 
7fb03c000000-7fb03c021000 rw-p 00000000 00:00 0 
7fb03c021000-7fb040000000 ---p 00000000 00:00 0 
7fb040000000-7fb040065000 rw-p 00000000 00:00 0 
7fb040065000-7fb044000000 ---p 00000000 00:00 0 
7fb044000000-7fb044351000 rw-p 00000000 00:00 0 
7fb044351000-7fb048000000 ---p 00000000 00:00 0 
7fb048000000-7fb048021000 rw-p 00000000 00:00 0 
7fb048021000-7fb04c000000 ---p 00000000 00:00 0 
7fb04c000000-7fb04c03d000 rw-p 00000000 00:00 0 
7fb04c03d000-7fb050000000 ---p 00000000 00:00 0 
7fb050000000-7fb050021000 rw-p 00000000 00:00 0 
7fb050021000-7fb054000000 ---p 00000000 00:00 0 
7fb054000000-7fb054021000 rw-p 00000000 00:00 0 
7fb054021000-7fb058000000 ---p 00000000 00:00 0 
7fb058000000-7fb058021000 rw-p 00000000 00:00 0 
7fb058021000-7fb05c000000 ---p 00000000 00:00 0 
7fb05c000000-7fb05c021000 rw-p 00000000 00:00 0 
7fb05c021000-7fb060000000 ---p 00000000 00:00 0 
7fb060000000-7fb060021000 rw-p 00000000 00:00 0 
7fb060021000-7fb064000000 ---p 00000000 00:00 0 
7fb064000000-7fb064033000 rw-p 00000000 00:00 0 
7fb064033000-7fb068000000 ---p 00000000 00:00 0 
7fb0680c3000-7fb0680c7000 ---p 00000000 00:00 0 
7fb0680c7000-7fb0681c4000 rw-p 00000000 00:00 0 
7fb0681c4000-7fb0681c8000 ---p 00000000 00:00 0 
7fb0681c8000-7fb0682c5000 rw-p 00000000 00:00 0 
7fb0682c5000-7fb0682c9000 ---p 00000000 00:00 0 
7fb0682c9000-7fb0683c6000 rw-p 00000000 00:00 0 
7fb0683c6000-7fb0683ca000 ---p 00000000 00:00 0 
7fb0683ca000-7fb0684c7000 rw-p 00000000 00:00 0 
7fb0684c7000-7fb0684cb000 ---p 00000000 00:00 0 
7fb0684cb000-7fb0685c8000 rw-p 00000000 00:00 0 
7fb0685c8000-7fb0685cc000 ---p 00000000 00:00 0 
7fb0685cc000-7fb0688bb000 rw-p 00000000 00:00 0 
7fb0688bb000-7fb0688c9000 ---p 00000000 00:00 0 
7fb0688c9000-7fb0688cd000 ---p 00000000 00:00 0 
7fb0688cd000-7fb0689ca000 rw-p 00000000 00:00 0 
7fb0689ca000-7fb0689ce000 ---p 00000000 00:00 0 
7fb0689ce000-7fb068acb000 rw-p 00000000 00:00 0 
7fb068acb000-7fb068acf000 ---p 00000000 00:00 0 
7fb068acf000-7fb068bcc000 rw-p 00000000 00:00 0 
7fb068bcc000-7fb068bd0000 ---p 00000000 00:00 0 
7fb068bd0000-7fb068ccd000 rw-p 00000000 00:00 0 
7fb068ccd000-7fb068cd1000 ---p 00000000 00:00 0 
7fb068cd1000-7fb068dce000 rw-p 00000000 00:00 0 
7fb068dce000-7fb068dd2000 ---p 00000000 00:00 0 
7fb068dd2000-7fb068ecf000 rw-p 00000000 00:00 0 
7fb068ecf000-7fb068ed3000 ---p 00000000 00:00 0 
7fb068ed3000-7fb068fd0000 rw-p 00000000 00:00 0 
7fb068fd0000-7fb068fd4000 ---p 00000000 00:00 0 
7fb068fd4000-7fb0690d1000 rw-p 00000000 00:00 0 
7fb0690d1000-7fb0690d5000 ---p 00000000 00:00 0 
7fb0690d5000-7fb0691d2000 rw-p 00000000 00:00 0 
7fb0691d2000-7fb0691d6000 ---p 00000000 00:00 0 
7fb0691d6000-7fb0692d3000 rw-p 00000000 00:00 0 
7fb0692d3000-7fb0692d7000 ---p 00000000 00:00 0 
7fb0692d7000-7fb0693d4000 rw-p 00000000 00:00 0 
7fb0693d4000-7fb0693d8000 ---p 00000000 00:00 0 
7fb0693d8000-7fb0694d5000 rw-p 00000000 00:00 0 
7fb0694d5000-7fb0694d9000 ---p 00000000 00:00 0 
7fb0694d9000-7fb0695d6000 rw-p 00000000 00:00 0 
7fb0695d6000-7fb0695da000 ---p 00000000 00:00 0 
7fb0695da000-7fb0696d7000 rw-p 00000000 00:00 0 
7fb0696d7000-7fb0696db000 ---p 00000000 00:00 0 
7fb0696db000-7fb0697d8000 rw-p 00000000 00:00 0 
7fb0697d8000-7fb0697dc000 ---p 00000000 00:00 0 
7fb0697dc000-7fb0698d9000 rw-p 00000000 00:00 0 
7fb0698d9000-7fb0698dd000 ---p 00000000 00:00 0 
7fb0698dd000-7fb0699da000 rw-p 00000000 00:00 0 
7fb0699da000-7fb0699de000 ---p 00000000 00:00 0 
7fb0699de000-7fb069adb000 rw-p 00000000 00:00 0 
7fb069adb000-7fb069adf000 ---p 00000000 00:00 0 
7fb069adf000-7fb069bdc000 rw-p 00000000 00:00 0 
7fb069bdc000-7fb069be0000 ---p 00000000 00:00 0 
7fb069be0000-7fb069cdd000 rw-p 00000000 00:00 0 
7fb069cdd000-7fb069ce1000 ---p 00000000 00:00 0 
7fb069ce1000-7fb069dde000 rw-p 00000000 00:00 0 
7fb069dde000-7fb069de2000 ---p 00000000 00:00 0 
7fb069de2000-7fb069edf000 rw-p 00000000 00:00 0 
7fb069edf000-7fb069ee3000 ---p 00000000 00:00 0 
7fb069ee3000-7fb069fe0000 rw-p 00000000 00:00 0 
7fb069fe0000-7fb069fe4000 ---p 00000000 00:00 0 
7fb069fe4000-7fb06a0e1000 rw-p 00000000 00:00 0 
7fb06a0e1000-7fb06a0e5000 ---p 00000000 00:00 0 
7fb06a0e5000-7fb06a1e2000 rw-p 00000000 00:00 0 
7fb06a1e2000-7fb06a1e6000 ---p 00000000 00:00 0 
7fb06a1e6000-7fb06a2e3000 rw-p 00000000 00:00 0 
7fb06a2e3000-7fb06a2e7000 ---p 00000000 00:00 0 
7fb06a2e7000-7fb06a3e4000 rw-p 00000000 00:00 0 
7fb06a3e4000-7fb06a3e8000 ---p 00000000 00:00 0 
7fb06a3e8000-7fb06a4e5000 rw-p 00000000 00:00 0 
7fb06a4e5000-7fb06a4e9000 ---p 00000000 00:00 0 
7fb06a4e9000-7fb06a5e6000 rw-p 00000000 00:00 0 
7fb06a5e6000-7fb06a5ea000 ---p 00000000 00:00 0 
7fb06a5ea000-7fb06a6e7000 rw-p 00000000 00:00 0 
7fb06a6e7000-7fb06a6eb000 ---p 00000000 00:00 0 
7fb06a6eb000-7fb06a7e8000 rw-p 00000000 00:00 0 
7fb06a7e8000-7fb06a7ec000 ---p 00000000 00:00 0 
7fb06a7ec000-7fb06a8e9000 rw-p 00000000 00:00 0 
7fb06a8e9000-7fb06a8ed000 ---p 00000000 00:00 0 
7fb06a8ed000-7fb06a9ea000 rw-p 00000000 00:00 0 
7fb06a9ea000-7fb06a9ee000 ---p 00000000 00:00 0 
7fb06a9ee000-7fb06aaeb000 rw-p 00000000 00:00 0 
7fb06aaeb000-7fb06aaef000 ---p 00000000 00:00 0 
7fb06aaef000-7fb06abec000 rw-p 00000000 00:00 0 
7fb06abec000-7fb06abf0000 ---p 00000000 00:00 0 
7fb06abf0000-7fb06aced000 rw-p 00000000 00:00 0 
7fb06aced000-7fb06acf1000 ---p 00000000 00:00 0 
7fb06acf1000-7fb06adee000 rw-p 00000000 00:00 0 
7fb06adee000-7fb06adf2000 ---p 00000000 00:00 0 
7fb06adf2000-7fb06aeef000 rw-p 00000000 00:00 0 
7fb06aeef000-7fb06aef3000 ---p 00000000 00:00 0 
7fb06aef3000-7fb06aff0000 rw-p 00000000 00:00 0 
7fb06aff0000-7fb06aff4000 ---p 00000000 00:00 0 
7fb06aff4000-7fb06b0f1000 rw-p 00000000 00:00 0 
7fb06b0f1000-7fb06b0f5000 ---p 00000000 00:00 0 
7fb06b0f5000-7fb06b1f2000 rw-p 00000000 00:00 0 
7fb06b1f2000-7fb06b1f6000 ---p 00000000 00:00 0 
7fb06b1f6000-7fb06b2f3000 rw-p 00000000 00:00 0 
7fb06b2f3000-7fb06b2f7000 ---p 00000000 00:00 0 
7fb06b2f7000-7fb06b3f4000 rw-p 00000000 00:00 0 
7fb06b3f4000-7fb06b3f8000 ---p 00000000 00:00 0 
7fb06b3f8000-7fb06b4f5000 rw-p 00000000 00:00 0 
7fb06b4f5000-7fb06b4f9000 ---p 00000000 00:00 0 
7fb06b4f9000-7fb06b5f6000 rw-p 00000000 00:00 0 
7fb06b5f6000-7fb06b5fa000 ---p 00000000 00:00 0 
7fb06b5fa000-7fb06b6f7000 rw-p 00000000 00:00 0 
7fb06b6f7000-7fb06b6fb000 ---p 00000000 00:00 0 
7fb06b6fb000-7fb06b7f8000 rw-p 00000000 00:00 0 
7fb06b7f8000-7fb06b7fc000 ---p 00000000 00:00 0 
7fb06b7fc000-7fb06b8f9000 rw-p 00000000 00:00 0 
7fb06b8f9000-7fb06b8fd000 ---p 00000000 00:00 0 
7fb06b8fd000-7fb06b9fa000 rw-p 00000000 00:00 0 
7fb06b9fa000-7fb06b9fe000 ---p 00000000 00:00 0 
7fb06b9fe000-7fb06bafb000 rw-p 00000000 00:00 0 
7fb06bafb000-7fb06baff000 ---p 00000000 00:00 0 
7fb06baff000-7fb06bbfc000 rw-p 00000000 00:00 0 
7fb06bbfc000-7fb06bc00000 ---p 00000000 00:00 0 
7fb06bc00000-7fb06bcfd000 rw-p 00000000 00:00 0 
7fb06bcfd000-7fb06bd01000 ---p 00000000 00:00 0 
7fb06bd01000-7fb06bdfe000 rw-p 00000000 00:00 0 
7fb06bdfe000-7fb06be02000 ---p 00000000 00:00 0 
7fb06be02000-7fb06beff000 rw-p 00000000 00:00 0 
7fb06beff000-7fb06bf03000 ---p 00000000 00:00 0 
7fb06bf03000-7fb06c000000 rw-p 00000000 00:00 0 
7fb06c000000-7fb06c021000 rw-p 00000000 00:00 0 
7fb06c021000-7fb070000000 ---p 00000000 00:00 0 
7fb070000000-7fb070076000 rw-p 00000000 00:00 0 
7fb070076000-7fb074000000 ---p 00000000 00:00 0 
7fb074000000-7fb074021000 rw-p 00000000 00:00 0 
7fb074021000-7fb078000000 ---p 00000000 00:00 0 
7fb078000000-7fb078021000 rw-p 00000000 00:00 0 
7fb078021000-7fb07c000000 ---p 00000000 00:00 0 
7fb07c000000-7fb07c021000 rw-p 00000000 00:00 0 
7fb07c021000-7fb080000000 ---p 00000000 00:00 0 
7fb080000000-7fb08009a000 rw-p 00000000 00:00 0 
7fb08009a000-7fb084000000 ---p 00000000 00:00 0 
7fb084000000-7fb084023000 rw-p 00000000 00:00 0 
7fb084023000-7fb088000000 ---p 00000000 00:00 0 
7fb088000000-7fb088021000 rw-p 00000000 00:00 0 
7fb088021000-7fb08c000000 ---p 00000000 00:00 0 
7fb08c000000-7fb08c021000 rw-p 00000000 00:00 0 
7fb08c021000-7fb090000000 ---p 00000000 00:00 0 
7fb090000000-7fb090037000 rw-p 00000000 00:00 0 
7fb090037000-7fb094000000 ---p 00000000 00:00 0 
7fb094000000-7fb094027000 rw-p 00000000 00:00 0 
7fb094027000-7fb098000000 ---p 00000000 00:00 0 
7fb098000000-7fb098021000 rw-p 00000000 00:00 0 
7fb098021000-7fb09c000000 ---p 00000000 00:00 0 
7fb09c000000-7fb09c021000 rw-p 00000000 00:00 0 
7fb09c021000-7fb0a0000000 ---p 00000000 00:00 0 
7fb0a0000000-7fb0a0071000 rw-p 00000000 00:00 0 
7fb0a0071000-7fb0a4000000 ---p 00000000 00:00 0 
7fb0a4000000-7fb0a4065000 rw-p 00000000 00:00 0 
7fb0a4065000-7fb0a8000000 ---p 00000000 00:00 0 
7fb0a8000000-7fb0a8058000 rw-p 00000000 00:00 0 
7fb0a8058000-7fb0ac000000 ---p 00000000 00:00 0 
7fb0ac000000-7fb0ac021000 rw-p 00000000 00:00 0 
7fb0ac021000-7fb0b0000000 ---p 00000000 00:00 0 
7fb0b0000000-7fb0b0021000 rw-p 00000000 00:00 0 
7fb0b0021000-7fb0b4000000 ---p 00000000 00:00 0 
7fb0b4000000-7fb0b409b000 rw-p 00000000 00:00 0 
7fb0b409b000-7fb0b8000000 ---p 00000000 00:00 0 
7fb0b8000000-7fb0b805e000 rw-p 00000000 00:00 0 
7fb0b805e000-7fb0bc000000 ---p 00000000 00:00 0 
7fb0bc000000-7fb0bc079000 rw-p 00000000 00:00 0 
7fb0bc079000-7fb0c0000000 ---p 00000000 00:00 0 
7fb0c0000000-7fb0c0021000 rw-p 00000000 00:00 0 
7fb0c0021000-7fb0c4000000 ---p 00000000 00:00 0 
7fb0c4000000-7fb0c4021000 rw-p 00000000 00:00 0 
7fb0c4021000-7fb0c8000000 ---p 00000000 00:00 0 
7fb0c8000000-7fb0c8023000 rw-p 00000000 00:00 0 
7fb0c8023000-7fb0cc000000 ---p 00000000 00:00 0 
7fb0cc000000-7fb0cc048000 rw-p 00000000 00:00 0 
7fb0cc048000-7fb0d0000000 ---p 00000000 00:00 0 
7fb0d0000000-7fb0d0021000 rw-p 00000000 00:00 0 
7fb0d0021000-7fb0d4000000 ---p 00000000 00:00 0 
7fb0d4000000-7fb0d4021000 rw-p 00000000 00:00 0 
7fb0d4021000-7fb0d8000000 ---p 00000000 00:00 0 
7fb0d8000000-7fb0d8021000 rw-p 00000000 00:00 0 
7fb0d8021000-7fb0dc000000 ---p 00000000 00:00 0 
7fb0dc000000-7fb0dc021000 rw-p 00000000 00:00 0 
7fb0dc021000-7fb0e0000000 ---p 00000000 00:00 0 
7fb0e0000000-7fb0e0021000 rw-p 00000000 00:00 0 
7fb0e0021000-7fb0e4000000 ---p 00000000 00:00 0 
7fb0e4000000-7fb0e4021000 rw-p 00000000 00:00 0 
7fb0e4021000-7fb0e8000000 ---p 00000000 00:00 0 
7fb0e8000000-7fb0e8021000 rw-p 00000000 00:00 0 
7fb0e8021000-7fb0ec000000 ---p 00000000 00:00 0 
7fb0ec000000-7fb0ec021000 rw-p 00000000 00:00 0 
7fb0ec021000-7fb0f0000000 ---p 00000000 00:00 0 
7fb0f0000000-7fb0f0021000 rw-p 00000000 00:00 0 
7fb0f0021000-7fb0f4000000 ---p 00000000 00:00 0 
7fb0f4000000-7fb0f4021000 rw-p 00000000 00:00 0 
7fb0f4021000-7fb0f8000000 ---p 00000000 00:00 0 
7fb0f8000000-7fb0f8051000 rw-p 00000000 00:00 0 
7fb0f8051000-7fb0fc000000 ---p 00000000 00:00 0 
7fb0fc000000-7fb0fc021000 rw-p 00000000 00:00 0 
7fb0fc021000-7fb100000000 ---p 00000000 00:00 0 
7fb100000000-7fb100021000 rw-p 00000000 00:00 0 
7fb100021000-7fb104000000 ---p 00000000 00:00 0 
7fb104000000-7fb104021000 rw-p 00000000 00:00 0 
7fb104021000-7fb108000000 ---p 00000000 00:00 0 
7fb108000000-7fb10802e000 rw-p 00000000 00:00 0 
7fb10802e000-7fb10c000000 ---p 00000000 00:00 0 
7fb10c000000-7fb10c026000 rw-p 00000000 00:00 0 
7fb10c026000-7fb110000000 ---p 00000000 00:00 0 
7fb110000000-7fb1100ce000 rw-p 00000000 00:00 0 
7fb1100ce000-7fb114000000 ---p 00000000 00:00 0 
7fb1140d7000-7fb1142c9000 rw-p 00000000 00:00 0 
7fb1142c9000-7fb1142d7000 ---p 00000000 00:00 0 
7fb1142d7000-7fb1142db000 ---p 00000000 00:00 0 
7fb1142db000-7fb1143d8000 rw-p 00000000 00:00 0 
7fb1143d8000-7fb1143dc000 ---p 00000000 00:00 0 
7fb1143dc000-7fb1144d9000 rw-p 00000000 00:00 0 
7fb1144d9000-7fb1144dd000 ---p 00000000 00:00 0 
7fb1144dd000-7fb1145da000 rw-p 00000000 00:00 0 
7fb1145da000-7fb1145de000 ---p 00000000 00:00 0 
7fb1145de000-7fb1146db000 rw-p 00000000 00:00 0 
7fb1146db000-7fb1146df000 ---p 00000000 00:00 0 
7fb1146df000-7fb1147dc000 rw-p 00000000 00:00 0 
7fb1147dc000-7fb1147e0000 ---p 00000000 00:00 0 
7fb1147e0000-7fb1148dd000 rw-p 00000000 00:00 0 
7fb1148dd000-7fb1148e1000 ---p 00000000 00:00 0 
7fb1148e1000-7fb1149de000 rw-p 00000000 00:00 0 
7fb1149de000-7fb1149e2000 ---p 00000000 00:00 0 
7fb1149e2000-7fb114adf000 rw-p 00000000 00:00 0 
7fb114adf000-7fb114ae3000 ---p 00000000 00:00 0 
7fb114ae3000-7fb114be0000 rw-p 00000000 00:00 0 
7fb114be0000-7fb114be4000 ---p 00000000 00:00 0 
7fb114be4000-7fb114ce1000 rw-p 00000000 00:00 0 
7fb114ce1000-7fb114ce5000 ---p 00000000 00:00 0 
7fb114ce5000-7fb114de2000 rw-p 00000000 00:00 0 
7fb114de2000-7fb114de6000 ---p 00000000 00:00 0 
7fb114de6000-7fb114ee3000 rw-p 00000000 00:00 0 
7fb114ee3000-7fb114ee7000 ---p 00000000 00:00 0 
7fb114ee7000-7fb114fe4000 rw-p 00000000 00:00 0 
7fb114fe4000-7fb114fe8000 ---p 00000000 00:00 0 
7fb114fe8000-7fb1150e5000 rw-p 00000000 00:00 0 
7fb1150e5000-7fb1150e9000 ---p 00000000 00:00 0 
7fb1150e9000-7fb1151e6000 rw-p 00000000 00:00 0 
7fb1151e6000-7fb1151ea000 ---p 00000000 00:00 0 
7fb1151ea000-7fb1152e7000 rw-p 00000000 00:00 0 
7fb1152e7000-7fb1152eb000 ---p 00000000 00:00 0 
7fb1152eb000-7fb1153e8000 rw-p 00000000 00:00 0 
7fb1153e8000-7fb1153ec000 ---p 00000000 00:00 0 
7fb1153ec000-7fb1154e9000 rw-p 00000000 00:00 0 
7fb1154e9000-7fb1154ed000 ---p 00000000 00:00 0 
7fb1154ed000-7fb1155ea000 rw-p 00000000 00:00 0 
7fb1155ea000-7fb1155ee000 ---p 00000000 00:00 0 
7fb1155ee000-7fb1156eb000 rw-p 00000000 00:00 0 
7fb1156eb000-7fb1156ef000 ---p 00000000 00:00 0 
7fb1156ef000-7fb1157ec000 rw-p 00000000 00:00 0 
7fb1157ec000-7fb1157f0000 ---p 00000000 00:00 0 
7fb1157f0000-7fb1158ed000 rw-p 00000000 00:00 0 
7fb1158ed000-7fb1158f1000 ---p 00000000 00:00 0 
7fb1158f1000-7fb1159ee000 rw-p 00000000 00:00 0 
7fb1159ee000-7fb1159f2000 ---p 00000000 00:00 0 
7fb1159f2000-7fb115aef000 rw-p 00000000 00:00 0 
7fb115aef000-7fb115af3000 ---p 00000000 00:00 0 
7fb115af3000-7fb115bf0000 rw-p 00000000 00:00 0 
7fb115bf0000-7fb115bf4000 ---p 00000000 00:00 0 
7fb115bf4000-7fb115cf1000 rw-p 00000000 00:00 0 
7fb115cf1000-7fb115cf5000 ---p 00000000 00:00 0 
7fb115cf5000-7fb115df2000 rw-p 00000000 00:00 0 
7fb115df2000-7fb115df6000 ---p 00000000 00:00 0 
7fb115df6000-7fb115ef3000 rw-p 00000000 00:00 0 
7fb115ef3000-7fb115ef7000 ---p 00000000 00:00 0 
7fb115ef7000-7fb115ff4000 rw-p 00000000 00:00 0 
7fb115ff4000-7fb115ff8000 ---p 00000000 00:00 0 
7fb115ff8000-7fb1160f5000 rw-p 00000000 00:00 0 
7fb1160f5000-7fb1160f9000 ---p 00000000 00:00 0 
7fb1160f9000-7fb1161f6000 rw-p 00000000 00:00 0 
7fb1161f6000-7fb1161fa000 ---p 00000000 00:00 0 
7fb1161fa000-7fb1162f7000 rw-p 00000000 00:00 0 
7fb1162f7000-7fb1162fb000 ---p 00000000 00:00 0 
7fb1162fb000-7fb1165ea000 rw-p 00000000 00:00 0 
7fb1165ea000-7fb1165f8000 ---p 00000000 00:00 0 
7fb1165f8000-7fb1165fc000 ---p 00000000 00:00 0 
7fb1165fc000-7fb1166f9000 rw-p 00000000 00:00 0 
7fb1166f9000-7fb1166fd000 ---p 00000000 00:00 0 
7fb1166fd000-7fb1167fa000 rw-p 00000000 00:00 0 
7fb1167fa000-7fb1167fe000 ---p 00000000 00:00 0 
7fb1167fe000-7fb116aed000 rw-p 00000000 00:00 0 
7fb116aed000-7fb116afb000 ---p 00000000 00:00 0 
7fb116afb000-7fb116aff000 ---p 00000000 00:00 0 
7fb116aff000-7fb116bfc000 rw-p 00000000 00:00 0 
7fb116bfc000-7fb116c00000 ---p 00000000 00:00 0 
7fb116c00000-7fb116eef000 rw-p 00000000 00:00 0 
7fb116eef000-7fb116efd000 ---p 00000000 00:00 0 
7fb116efd000-7fb1170ef000 rw-p 00000000 00:00 0 
7fb1170ef000-7fb1170fd000 ---p 00000000 00:00 0 
7fb1170fd000-7fb1172ef000 rw-p 00000000 00:00 0 
7fb1172ef000-7fb1172fd000 ---p 00000000 00:00 0 
7fb1172fd000-7fb1174ef000 rw-p 00000000 00:00 0 
7fb1174ef000-7fb1174fd000 ---p 00000000 00:00 0 
7fb1174fd000-7fb1176ef000 rw-p 00000000 00:00 0 
7fb1176ef000-7fb1176fd000 ---p 00000000 00:00 0 
7fb1176fd000-7fb117701000 ---p 00000000 00:00 0 
7fb117701000-7fb1177fe000 rw-p 00000000 00:00 0 
7fb1177fe000-7fb117802000 ---p 00000000 00:00 0 
7fb117802000-7fb117af1000 rw-p 00000000 00:00 0 
7fb117af1000-7fb117aff000 ---p 00000000 00:00 0 
7fb117aff000-7fb117cf1000 rw-p 00000000 00:00 0 
7fb117cf1000-7fb117cff000 ---p 00000000 00:00 0 
7fb117cff000-7fb117d03000 ---p 00000000 00:00 0 
7fb117d03000-7fb117ff2000 rw-p 00000000 00:00 0 
7fb117ff2000-7fb118000000 ---p 00000000 00:00 0 
7fb118000000-7fb1181ac000 rw-p 00000000 00:00 0 
7fb1181ac000-7fb11c000000 ---p 00000000 00:00 0 
7fb11c000000-7fb11c0da000 rw-p 00000000 00:00 0 
7fb11c0da000-7fb120000000 ---p 00000000 00:00 0 
7fb120000000-7fb1200bb000 rw-p 00000000 00:00 0 
7fb1200bb000-7fb124000000 ---p 00000000 00:00 0 
7fb124000000-7fb1240a2000 rw-p 00000000 00:00 0 
7fb1240a2000-7fb128000000 ---p 00000000 00:00 0 
7fb128000000-7fb12803f000 rw-p 00000000 00:00 0 
7fb12803f000-7fb12c000000 ---p 00000000 00:00 0 
7fb12c000000-7fb12c15d000 rw-p 00000000 00:00 0 
7fb12c15d000-7fb130000000 ---p 00000000 00:00 0 
7fb130000000-7fb130030000 rw-p 00000000 00:00 0 
7fb130030000-7fb134000000 ---p 00000000 00:00 0 
7fb134000000-7fb13407e000 rw-p 00000000 00:00 0 
7fb13407e000-7fb138000000 ---p 00000000 00:00 0 
7fb138000000-7fb138025000 rw-p 00000000 00:00 0 
7fb138025000-7fb13c000000 ---p 00000000 00:00 0 
7fb13c000000-7fb13c37d000 rw-p 00000000 00:00 0 
7fb13c37d000-7fb140000000 ---p 00000000 00:00 0 
7fb140000000-7fb140062000 rw-p 00000000 00:00 0 
7fb140062000-7fb144000000 ---p 00000000 00:00 0 
7fb144000000-7fb14402f000 rw-p 00000000 00:00 0 
7fb14402f000-7fb148000000 ---p 00000000 00:00 0 
7fb148000000-7fb148053000 rw-p 00000000 00:00 0 
7fb148053000-7fb14c000000 ---p 00000000 00:00 0 
7fb14c000000-7fb14c173000 rw-p 00000000 00:00 0 
7fb14c173000-7fb150000000 ---p 00000000 00:00 0 
7fb150000000-7fb15002d000 rw-p 00000000 00:00 0 
7fb15002d000-7fb154000000 ---p 00000000 00:00 0 
7fb154000000-7fb154045000 rw-p 00000000 00:00 0 
7fb154045000-7fb158000000 ---p 00000000 00:00 0 
7fb158000000-7fb15807c000 rw-p 00000000 00:00 0 
7fb15807c000-7fb15c000000 ---p 00000000 00:00 0 
7fb15c000000-7fb15c224000 rw-p 00000000 00:00 0 
7fb15c224000-7fb160000000 ---p 00000000 00:00 0 
7fb160000000-7fb160125000 rw-p 00000000 00:00 0 
7fb160125000-7fb164000000 ---p 00000000 00:00 0 
7fb164000000-7fb1640ec000 rw-p 00000000 00:00 0 
7fb1640ec000-7fb168000000 ---p 00000000 00:00 0 
7fb168000000-7fb168097000 rw-p 00000000 00:00 0 
7fb168097000-7fb16c000000 ---p 00000000 00:00 0 
7fb16c000000-7fb16c0b3000 rw-p 00000000 00:00 0 
7fb16c0b3000-7fb170000000 ---p 00000000 00:00 0 
7fb170000000-7fb170037000 rw-p 00000000 00:00 0 
7fb170037000-7fb174000000 ---p 00000000 00:00 0 
7fb174000000-7fb174040000 rw-p 00000000 00:00 0 
7fb174040000-7fb178000000 ---p 00000000 00:00 0 
7fb178000000-7fb178059000 rw-p 00000000 00:00 0 
7fb178059000-7fb17c000000 ---p 00000000 00:00 0 
7fb17c000000-7fb17c02b000 rw-p 00000000 00:00 0 
7fb17c02b000-7fb180000000 ---p 00000000 00:00 0 
7fb180000000-7fb1800d1000 rw-p 00000000 00:00 0 
7fb1800d1000-7fb184000000 ---p 00000000 00:00 0 
7fb184000000-7fb18405a000 rw-p 00000000 00:00 0 
7fb18405a000-7fb188000000 ---p 00000000 00:00 0 
7fb188000000-7fb1880a2000 rw-p 00000000 00:00 0 
7fb1880a2000-7fb18c000000 ---p 00000000 00:00 0 
7fb18c000000-7fb18c06b000 rw-p 00000000 00:00 0 
7fb18c06b000-7fb190000000 ---p 00000000 00:00 0 
7fb190000000-7fb190021000 rw-p 00000000 00:00 0 
7fb190021000-7fb194000000 ---p 00000000 00:00 0 
7fb194000000-7fb194084000 rw-p 00000000 00:00 0 
7fb194084000-7fb198000000 ---p 00000000 00:00 0 
7fb198000000-7fb19817b000 rw-p 00000000 00:00 0 
7fb19817b000-7fb19c000000 ---p 00000000 00:00 0 
7fb19c000000-7fb19c0b6000 rw-p 00000000 00:00 0 
7fb19c0b6000-7fb1a0000000 ---p 00000000 00:00 0 
7fb1a0000000-7fb1a00bd000 rw-p 00000000 00:00 0 
7fb1a00bd000-7fb1a4000000 ---p 00000000 00:00 0 
7fb1a4000000-7fb1a4146000 rw-p 00000000 00:00 0 
7fb1a4146000-7fb1a8000000 ---p 00000000 00:00 0 
7fb1a8000000-7fb1a82b0000 rw-p 00000000 00:00 0 
7fb1a82b0000-7fb1ac000000 ---p 00000000 00:00 0 
7fb1ac000000-7fb1ac039000 rw-p 00000000 00:00 0 
7fb1ac039000-7fb1b0000000 ---p 00000000 00:00 0 
7fb1b0000000-7fb1b0021000 rw-p 00000000 00:00 0 
7fb1b0021000-7fb1b4000000 ---p 00000000 00:00 0 
7fb1b4000000-7fb1b424d000 rw-p 00000000 00:00 0 
7fb1b424d000-7fb1b8000000 ---p 00000000 00:00 0 
7fb1b8000000-7fb1b83bd000 rw-p 00000000 00:00 0 
7fb1b83bd000-7fb1bc000000 ---p 00000000 00:00 0 
7fb1bc000000-7fb1bd54a000 rw-p 00000000 00:00 0 
7fb1bd54a000-7fb1c0000000 ---p 00000000 00:00 0 
7fb1c0000000-7fb1c014d000 rw-p 00000000 00:00 0 
7fb1c014d000-7fb1c4000000 ---p 00000000 00:00 0 
7fb1c4000000-7fb1c4053000 rw-p 00000000 00:00 0 
7fb1c4053000-7fb1c8000000 ---p 00000000 00:00 0 
7fb1c8000000-7fb1c8f0d000 rw-p 00000000 00:00 0 
7fb1c8f0d000-7fb1cc000000 ---p 00000000 00:00 0 
7fb1cc000000-7fb1cc089000 rw-p 00000000 00:00 0 
7fb1cc089000-7fb1d0000000 ---p 00000000 00:00 0 
7fb1d0000000-7fb1d01e1000 rw-p 00000000 00:00 0 
7fb1d01e1000-7fb1d4000000 ---p 00000000 00:00 0 
7fb1d4000000-7fb1d4198000 rw-p 00000000 00:00 0 
7fb1d4198000-7fb1d8000000 ---p 00000000 00:00 0 
7fb1d8000000-7fb1d811d000 rw-p 00000000 00:00 0 
7fb1d811d000-7fb1dc000000 ---p 00000000 00:00 0 
7fb1dc000000-7fb1dc021000 rw-p 00000000 00:00 0 
7fb1dc021000-7fb1e0000000 ---p 00000000 00:00 0 
7fb1e00ce000-7fb1e00d2000 ---p 00000000 00:00 0 
7fb1e00d2000-7fb1e03c1000 rw-p 00000000 00:00 0 
7fb1e03c1000-7fb1e03cf000 ---p 00000000 00:00 0 
7fb1e03cf000-7fb1e05c1000 rw-p 00000000 00:00 0 
7fb1e05c1000-7fb1e05cf000 ---p 00000000 00:00 0 
7fb1e05cf000-7fb1e05d3000 ---p 00000000 00:00 0 
7fb1e05d3000-7fb1e06d0000 rw-p 00000000 00:00 0 
7fb1e06d0000-7fb1e06d4000 ---p 00000000 00:00 0 
7fb1e06d4000-7fb1e07d1000 rw-p 00000000 00:00 0 
7fb1e07d1000-7fb1e07d5000 ---p 00000000 00:00 0 
7fb1e07d5000-7fb1e08d2000 rw-p 00000000 00:00 0 
7fb1e08d2000-7fb1e08d6000 ---p 00000000 00:00 0 
7fb1e08d6000-7fb1e09d3000 rw-p 00000000 00:00 0 
7fb1e09d3000-7fb1e09d7000 ---p 00000000 00:00 0 
7fb1e09d7000-7fb1e0ad4000 rw-p 00000000 00:00 0 
7fb1e0ad4000-7fb1e0ad8000 ---p 00000000 00:00 0 
7fb1e0ad8000-7fb1e0bd5000 rw-p 00000000 00:00 0 
7fb1e0bd5000-7fb1e0bd9000 ---p 00000000 00:00 0 
7fb1e0bd9000-7fb1e0cd6000 rw-p 00000000 00:00 0 
7fb1e0cd6000-7fb1e0cda000 ---p 00000000 00:00 0 
7fb1e0cda000-7fb1e0dd7000 rw-p 00000000 00:00 0 
7fb1e0dd7000-7fb1e0ddb000 ---p 00000000 00:00 0 
7fb1e0ddb000-7fb1e0ed8000 rw-p 00000000 00:00 0 
7fb1e0ed8000-7fb1e0edc000 ---p 00000000 00:00 0 
7fb1e0edc000-7fb1e0fd9000 rw-p 00000000 00:00 0 
7fb1e0fd9000-7fb1e0fdd000 ---p 00000000 00:00 0 
7fb1e0fdd000-7fb1e10da000 rw-p 00000000 00:00 0 
7fb1e10da000-7fb1e10de000 ---p 00000000 00:00 0 
7fb1e10de000-7fb1e11db000 rw-p 00000000 00:00 0 
7fb1e11db000-7fb1e11df000 ---p 00000000 00:00 0 
7fb1e11df000-7fb1e12dc000 rw-p 00000000 00:00 0 
7fb1e12dc000-7fb1e12e0000 ---p 00000000 00:00 0 
7fb1e12e0000-7fb1e13dd000 rw-p 00000000 00:00 0 
7fb1e13dd000-7fb1e13e1000 ---p 00000000 00:00 0 
7fb1e13e1000-7fb1e14de000 rw-p 00000000 00:00 0 
7fb1e14de000-7fb1e14e2000 ---p 00000000 00:00 0 
7fb1e14e2000-7fb1e15df000 rw-p 00000000 00:00 0 
7fb1e15df000-7fb1e15e3000 ---p 00000000 00:00 0 
7fb1e15e3000-7fb1e16e0000 rw-p 00000000 00:00 0 
7fb1e16e0000-7fb1e16e4000 ---p 00000000 00:00 0 
7fb1e16e4000-7fb1e17e1000 rw-p 00000000 00:00 0 
7fb1e17e1000-7fb1e17e5000 ---p 00000000 00:00 0 
7fb1e17e5000-7fb1e18e2000 rw-p 00000000 00:00 0 
7fb1e18e2000-7fb1e18e6000 ---p 00000000 00:00 0 
7fb1e18e6000-7fb1e19e3000 rw-p 00000000 00:00 0 
7fb1e19e3000-7fb1e19e7000 ---p 00000000 00:00 0 
7fb1e19e7000-7fb1e1ae4000 rw-p 00000000 00:00 0 
7fb1e1ae4000-7fb1e1ae8000 ---p 00000000 00:00 0 
7fb1e1ae8000-7fb1e1be5000 rw-p 00000000 00:00 0 
7fb1e1be5000-7fb1e1be9000 ---p 00000000 00:00 0 
7fb1e1be9000-7fb1e1ce6000 rw-p 00000000 00:00 0 
7fb1e1ce6000-7fb1e1cea000 ---p 00000000 00:00 0 
7fb1e1cea000-7fb1e1de7000 rw-p 00000000 00:00 0 
7fb1e1de7000-7fb1e1deb000 ---p 00000000 00:00 0 
7fb1e1deb000-7fb1e1ee8000 rw-p 00000000 00:00 0 
7fb1e1ee8000-7fb1e1eec000 ---p 00000000 00:00 0 
7fb1e1eec000-7fb1e1fe9000 rw-p 00000000 00:00 0 
7fb1e1fe9000-7fb1e1fed000 ---p 00000000 00:00 0 
7fb1e1fed000-7fb1e20ea000 rw-p 00000000 00:00 0 
7fb1e20ea000-7fb1e20ee000 ---p 00000000 00:00 0 
7fb1e20ee000-7fb1e21eb000 rw-p 00000000 00:00 0 
7fb1e21eb000-7fb1e21ef000 ---p 00000000 00:00 0 
7fb1e21ef000-7fb1e22ec000 rw-p 00000000 00:00 0 
7fb1e22ec000-7fb1e22f0000 ---p 00000000 00:00 0 
7fb1e22f0000-7fb1e23ed000 rw-p 00000000 00:00 0 
7fb1e23ed000-7fb1e23f1000 ---p 00000000 00:00 0 
7fb1e23f1000-7fb1e24ee000 rw-p 00000000 00:00 0 
7fb1e24ee000-7fb1e24f2000 ---p 00000000 00:00 0 
7fb1e24f2000-7fb1e25ef000 rw-p 00000000 00:00 0 
7fb1e25ef000-7fb1e25f3000 ---p 00000000 00:00 0 
7fb1e25f3000-7fb1e26f0000 rw-p 00000000 00:00 0 
7fb1e26f0000-7fb1e26f4000 ---p 00000000 00:00 0 
7fb1e26f4000-7fb1e27f1000 rw-p 00000000 00:00 0 
7fb1e27f1000-7fb1e27f5000 ---p 00000000 00:00 0 
7fb1e27f5000-7fb1e28f2000 rw-p 00000000 00:00 0 
7fb1e28f2000-7fb1e28f6000 ---p 00000000 00:00 0 
7fb1e28f6000-7fb1e29f3000 rw-p 00000000 00:00 0 
7fb1e29f3000-7fb1e29f7000 ---p 00000000 00:00 0 
7fb1e29f7000-7fb1e2af4000 rw-p 00000000 00:00 0 
7fb1e2af4000-7fb1e2af8000 ---p 00000000 00:00 0 
7fb1e2af8000-7fb1e2bf5000 rw-p 00000000 00:00 0 
7fb1e2bf5000-7fb1e2bf9000 ---p 00000000 00:00 0 
7fb1e2bf9000-7fb1e2cf6000 rw-p 00000000 00:00 0 
7fb1e2cf6000-7fb1e2cfa000 ---p 00000000 00:00 0 
7fb1e2cfa000-7fb1e2fe9000 rw-p 00000000 00:00 0 
7fb1e2fe9000-7fb1e2ff7000 ---p 00000000 00:00 0 
7fb1e2ff7000-7fb1e2ffb000 ---p 00000000 00:00 0 
7fb1e2ffb000-7fb1e30f8000 rw-p 00000000 00:00 0 
7fb1e30f8000-7fb1e30fc000 ---p 00000000 00:00 0 
7fb1e30fc000-7fb1e34eb000 rw-p 00000000 00:00 0 
7fb1e34eb000-7fb1e34f9000 ---p 00000000 00:00 0 
7fb1e34f9000-7fb1e36eb000 rw-p 00000000 00:00 0 
7fb1e36eb000-7fb1e36f9000 ---p 00000000 00:00 0 
7fb1e36f9000-7fb1e36fd000 ---p 00000000 00:00 0 
7fb1e36fd000-7fb1e37fa000 rw-p 00000000 00:00 0 
7fb1e37fa000-7fb1e37fe000 ---p 00000000 00:00 0 
7fb1e37fe000-7fb1e38fb000 rw-p 00000000 00:00 0 
7fb1e38fb000-7fb1e38ff000 ---p 00000000 00:00 0 
7fb1e38ff000-7fb1e39fc000 rw-p 00000000 00:00 0 
7fb1e39fc000-7fb1e3a00000 ---p 00000000 00:00 0 
7fb1e3a00000-7fb1e3afd000 rw-p 00000000 00:00 0 
7fb1e3afd000-7fb1e3b01000 ---p 00000000 00:00 0 
7fb1e3b01000-7fb1e3bfe000 rw-p 00000000 00:00 0 
7fb1e3bfe000-7fb1e3c02000 ---p 00000000 00:00 0 
7fb1e3c02000-7fb1e3cff000 rw-p 00000000 00:00 0 
7fb1e3cff000-7fb1e3d03000 ---p 00000000 00:00 0 
7fb1e3d03000-7fb1e3ff2000 rw-p 00000000 00:00 0 
7fb1e3ff2000-7fb1e4000000 ---p 00000000 00:00 0 
7fb1e4000000-7fb1e4021000 rw-p 00000000 00:00 0 
7fb1e4021000-7fb1e8000000 ---p 00000000 00:00 0 
7fb1e8000000-7fb1e8021000 rw-p 00000000 00:00 0 
7fb1e8021000-7fb1ec000000 ---p 00000000 00:00 0 
7fb1ec000000-7fb1ec239000 rw-p 00000000 00:00 0 
7fb1ec239000-7fb1f0000000 ---p 00000000 00:00 0 
7fb1f0000000-7fb1f0204000 rw-p 00000000 00:00 0 
7fb1f0204000-7fb1f4000000 ---p 00000000 00:00 0 
7fb1f4000000-7fb1f4021000 rw-p 00000000 00:00 0 
7fb1f4021000-7fb1f8000000 ---p 00000000 00:00 0 
7fb1f8000000-7fb1f82e8000 rw-p 00000000 00:00 0 
7fb1f82e8000-7fb1fc000000 ---p 00000000 00:00 0 
7fb1fc000000-7fb1fc3ee000 rw-p 00000000 00:00 0 
7fb1fc3ee000-7fb200000000 ---p 00000000 00:00 0 
7fb200000000-7fb200021000 rw-p 00000000 00:00 0 
7fb200021000-7fb204000000 ---p 00000000 00:00 0 
7fb204000000-7fb204021000 rw-p 00000000 00:00 0 
7fb204021000-7fb208000000 ---p 00000000 00:00 0 
7fb208000000-7fb208021000 rw-p 00000000 00:00 0 
7fb208021000-7fb20c000000 ---p 00000000 00:00 0 
7fb20c000000-7fb20c021000 rw-p 00000000 00:00 0 
7fb20c021000-7fb210000000 ---p 00000000 00:00 0 
7fb210000000-7fb210021000 rw-p 00000000 00:00 0 
7fb210021000-7fb214000000 ---p 00000000 00:00 0 
7fb214000000-7fb21492c000 rw-p 00000000 00:00 0 
7fb21492c000-7fb218000000 ---p 00000000 00:00 0 
7fb2180a5000-7fb2180ac000 r--s 00000000 fe:01 789188                     /usr/lib/x86_64-linux-gnu/gconv/gconv-modules.cache
7fb2180ac000-7fb2180fd000 rw-p 00000000 00:00 0 
7fb2180fd000-7fb218101000 ---p 00000000 00:00 0 
7fb218101000-7fb2183f0000 rw-p 00000000 00:00 0 
7fb2183f0000-7fb2183fe000 ---p 00000000 00:00 0 
7fb2183fe000-7fb2185fe000 rw-p 00000000 00:00 0 
7fb2185fe000-7fb2187fe000 rw-p 00000000 00:00 0 
7fb2187fe000-7fb2189fe000 rw-p 00000000 00:00 0 
7fb2189fe000-7fb218bfe000 rw-p 00000000 00:00 0 
7fb218bfe000-7fb218c02000 ---p 00000000 00:00 0 
7fb218c02000-7fb218cff000 rw-p 00000000 00:00 0 
7fb218cff000-7fb218d03000 ---p 00000000 00:00 0 
7fb218d03000-7fb219000000 rw-p 00000000 00:00 0 
7fb219000000-7fb399000000 rw-s 00000000 00:18 26                         /dev/shm/prout (deleted)
7fb399000000-7fbb99000000 rw-s 00000000 00:05 529                        /dev/fakeblk
7fbb99000000-7fbb995b0000 rwxp 00000000 00:00 0 
7fbb995b0000-7fbb99b9a000 ---p 00000000 00:00 0 
7fbb99b9a000-7fbb9a73a000 rwxp 00000000 00:00 0 
7fbb9a73a000-7fbba0dcd000 ---p 00000000 00:00 0 
7fbba0dcd000-7fbba103d000 rwxp 00000000 00:00 0 
7fbba103d000-7fbba8000000 ---p 00000000 00:00 0 
7fbba8000000-7fbba9452000 rw-p 00000000 00:00 0 
7fbba9452000-7fbbac000000 ---p 00000000 00:00 0 
7fbbac000000-7fbbac00a000 r--p 00000000 fe:01 576813                     /home/adam/jdk11u/build/linux-x86_64-normal-server-release/jdk/lib/libsunec.so
7fbbac00a000-7fbbac033000 r-xp 0000a000 fe:01 576813                     /home/adam/jdk11u/build/linux-x86_64-normal-server-release/jdk/lib/libsunec.so
7fbbac033000-7fbbac042000 r--p 00033000 fe:01 576813                     /home/adam/jdk11u/build/linux-x86_64-normal-server-release/jdk/lib/libsunec.so
7fbbac042000-7fbbac047000 r--p 00041000 fe:01 576813                     /home/adam/jdk11u/build/linux-x86_64-normal-server-release/jdk/lib/libsunec.so
7fbbac047000-7fbbac049000 rw-p 00046000 fe:01 576813                     /home/adam/jdk11u/build/linux-x86_64-normal-server-release/jdk/lib/libsunec.so
7fbbac049000-7fbbac04b000 r--p 00000000 fe:01 576015                     /home/adam/jdk11u/build/linux-x86_64-normal-server-release/jdk/lib/libmanagement_ext.so
7fbbac04b000-7fbbac04e000 r-xp 00002000 fe:01 576015                     /home/adam/jdk11u/build/linux-x86_64-normal-server-release/jdk/lib/libmanagement_ext.so
7fbbac04e000-7fbbac04f000 r--p 00005000 fe:01 576015                     /home/adam/jdk11u/build/linux-x86_64-normal-server-release/jdk/lib/libmanagement_ext.so
7fbbac04f000-7fbbac050000 ---p 00006000 fe:01 576015                     /home/adam/jdk11u/build/linux-x86_64-normal-server-release/jdk/lib/libmanagement_ext.so
7fbbac050000-7fbbac051000 r--p 00006000 fe:01 576015                     /home/adam/jdk11u/build/linux-x86_64-normal-server-release/jdk/lib/libmanagement_ext.so
7fbbac051000-7fbbac052000 rw-p 00007000 fe:01 576015                     /home/adam/jdk11u/build/linux-x86_64-normal-server-release/jdk/lib/libmanagement_ext.so
7fbbac052000-7fbbac055000 r--p 00000000 fe:01 575908                     /home/adam/jdk11u/build/linux-x86_64-normal-server-release/jdk/lib/libmanagement.so
7fbbac055000-7fbbac056000 r-xp 00003000 fe:01 575908                     /home/adam/jdk11u/build/linux-x86_64-normal-server-release/jdk/lib/libmanagement.so
7fbbac056000-7fbbac057000 r--p 00004000 fe:01 575908                     /home/adam/jdk11u/build/linux-x86_64-normal-server-release/jdk/lib/libmanagement.so
7fbbac057000-7fbbac058000 r--p 00004000 fe:01 575908                     /home/adam/jdk11u/build/linux-x86_64-normal-server-release/jdk/lib/libmanagement.so
7fbbac058000-7fbbac059000 rw-p 00005000 fe:01 575908                     /home/adam/jdk11u/build/linux-x86_64-normal-server-release/jdk/lib/libmanagement.so
7fbbac059000-7fbbac05a000 r--p 00000000 fe:01 575355                     /home/adam/jdk11u/build/linux-x86_64-normal-server-release/jdk/lib/libextnet.so
7fbbac05a000-7fbbac05b000 r-xp 00001000 fe:01 575355                     /home/adam/jdk11u/build/linux-x86_64-normal-server-release/jdk/lib/libextnet.so
7fbbac05b000-7fbbac05c000 r--p 00002000 fe:01 575355                     /home/adam/jdk11u/build/linux-x86_64-normal-server-release/jdk/lib/libextnet.so
7fbbac05c000-7fbbac05d000 r--p 00002000 fe:01 575355                     /home/adam/jdk11u/build/linux-x86_64-normal-server-release/jdk/lib/libextnet.so
7fbbac05d000-7fbbac05e000 rw-p 00003000 fe:01 575355                     /home/adam/jdk11u/build/linux-x86_64-normal-server-release/jdk/lib/libextnet.so
7fbbac05e000-7fbbac25e000 rw-p 00000000 00:00 0 
7fbbac25e000-7fbbac25f000 ---p 00000000 00:00 0 
7fbbac25f000-7fbbac360000 rw-p 00000000 00:00 0 
7fbbac360000-7fbbac364000 ---p 00000000 00:00 0 
7fbbac364000-7fbbac461000 rw-p 00000000 00:00 0 
7fbbac461000-7fbbac465000 ---p 00000000 00:00 0 
7fbbac465000-7fbbac562000 rw-p 00000000 00:00 0 
7fbbac562000-7fbbac566000 ---p 00000000 00:00 0 
7fbbac566000-7fbbac663000 rw-p 00000000 00:00 0 
7fbbac663000-7fbbac667000 ---p 00000000 00:00 0 
7fbbac667000-7fbbac764000 rw-p 00000000 00:00 0 
7fbbac764000-7fbbac768000 r--p 00000000 fe:01 574849                     /home/adam/jdk11u/build/linux-x86_64-normal-server-release/jdk/lib/libnet.so
7fbbac768000-7fbbac777000 r-xp 00004000 fe:01 574849                     /home/adam/jdk11u/build/linux-x86_64-normal-server-release/jdk/lib/libnet.so
7fbbac777000-7fbbac77b000 r--p 00013000 fe:01 574849                     /home/adam/jdk11u/build/linux-x86_64-normal-server-release/jdk/lib/libnet.so
7fbbac77b000-7fbbac77c000 r--p 00016000 fe:01 574849                     /home/adam/jdk11u/build/linux-x86_64-normal-server-release/jdk/lib/libnet.so
7fbbac77c000-7fbbac77d000 rw-p 00017000 fe:01 574849                     /home/adam/jdk11u/build/linux-x86_64-normal-server-release/jdk/lib/libnet.so
7fbbac77d000-7fbbac784000 r--p 00000000 fe:01 574856                     /home/adam/jdk11u/build/linux-x86_64-normal-server-release/jdk/lib/libnio.so
7fbbac784000-7fbbac78b000 r-xp 00007000 fe:01 574856                     /home/adam/jdk11u/build/linux-x86_64-normal-server-release/jdk/lib/libnio.so
7fbbac78b000-7fbbac78e000 r--p 0000e000 fe:01 574856                     /home/adam/jdk11u/build/linux-x86_64-normal-server-release/jdk/lib/libnio.so
7fbbac78e000-7fbbac78f000 r--p 00010000 fe:01 574856                     /home/adam/jdk11u/build/linux-x86_64-normal-server-release/jdk/lib/libnio.so
7fbbac78f000-7fbbac790000 rw-p 00011000 fe:01 574856                     /home/adam/jdk11u/build/linux-x86_64-normal-server-release/jdk/lib/libnio.so
7fbbac790000-7fbbac794000 ---p 00000000 00:00 0 
7fbbac794000-7fbbac891000 rw-p 00000000 00:00 0 
7fbbac891000-7fbbac895000 ---p 00000000 00:00 0 
7fbbac895000-7fbbac992000 rw-p 00000000 00:00 0 
7fbbac992000-7fbbac996000 ---p 00000000 00:00 0 
7fbbac996000-7fbbaca93000 rw-p 00000000 00:00 0 
7fbbaca93000-7fbbaca97000 ---p 00000000 00:00 0 
7fbbaca97000-7fbbacb94000 rw-p 00000000 00:00 0 
7fbbacb94000-7fbbace7b000 r--p 00000000 fe:01 786832                     /usr/lib/locale/locale-archive
7fbbace7b000-7fbbace7f000 ---p 00000000 00:00 0 
7fbbace7f000-7fbbacf7c000 rw-p 00000000 00:00 0 
7fbbacf7c000-7fbbacf80000 ---p 00000000 00:00 0 
7fbbacf80000-7fbbad07d000 rw-p 00000000 00:00 0 
7fbbad07d000-7fbbad07e000 ---p 00000000 00:00 0 
7fbbad07e000-7fbbada5b000 rw-p 00000000 00:00 0 
7fbbada5b000-7fbbada60000 rw-p 00000000 00:00 0 
7fbbada60000-7fbbadb40000 ---p 00000000 00:00 0 
7fbbadb40000-7fbbadb58000 rw-p 00000000 00:00 0 
7fbbadb58000-7fbbadc25000 ---p 00000000 00:00 0 
7fbbadc25000-7fbbadc31000 rw-p 00000000 00:00 0 
7fbbadc31000-7fbbadc3d000 ---p 00000000 00:00 0 
7fbbadc3d000-7fbbadc40000 r--p 00000000 fe:01 787101                     /usr/lib/x86_64-linux-gnu/libnss_files-2.31.so
7fbbadc40000-7fbbadc47000 r-xp 00003000 fe:01 787101                     /usr/lib/x86_64-linux-gnu/libnss_files-2.31.so
7fbbadc47000-7fbbadc49000 r--p 0000a000 fe:01 787101                     /usr/lib/x86_64-linux-gnu/libnss_files-2.31.so
7fbbadc49000-7fbbadc4a000 r--p 0000b000 fe:01 787101                     /usr/lib/x86_64-linux-gnu/libnss_files-2.31.so
7fbbadc4a000-7fbbadc4b000 rw-p 0000c000 fe:01 787101                     /usr/lib/x86_64-linux-gnu/libnss_files-2.31.so
7fbbadc4b000-7fbbadc51000 rw-p 00000000 00:00 0 
7fbbadc55000-7fbbadc57000 r--p 00000000 fe:01 574842                     /home/adam/jdk11u/build/linux-x86_64-normal-server-release/jdk/lib/libzip.so
7fbbadc57000-7fbbadc5b000 r-xp 00002000 fe:01 574842                     /home/adam/jdk11u/build/linux-x86_64-normal-server-release/jdk/lib/libzip.so
7fbbadc5b000-7fbbadc5d000 r--p 00006000 fe:01 574842                     /home/adam/jdk11u/build/linux-x86_64-normal-server-release/jdk/lib/libzip.so
7fbbadc5d000-7fbbadc5e000 r--p 00007000 fe:01 574842                     /home/adam/jdk11u/build/linux-x86_64-normal-server-release/jdk/lib/libzip.so
7fbbadc5e000-7fbbadc5f000 rw-p 00008000 fe:01 574842                     /home/adam/jdk11u/build/linux-x86_64-normal-server-release/jdk/lib/libzip.so
7fbbadc5f000-7fbbadc67000 rw-s 00000000 fe:01 2359381                    /tmp/hsperfdata_root/45463
7fbbadc67000-7fbbadc6b000 r--p 00000000 fe:01 574846                     /home/adam/jdk11u/build/linux-x86_64-normal-server-release/jdk/lib/libjimage.so
7fbbadc6b000-7fbbadc7e000 r-xp 00004000 fe:01 574846                     /home/adam/jdk11u/build/linux-x86_64-normal-server-release/jdk/lib/libjimage.so
7fbbadc7e000-7fbbadc84000 r--p 00017000 fe:01 574846                     /home/adam/jdk11u/build/linux-x86_64-normal-server-release/jdk/lib/libjimage.so
7fbbadc84000-7fbbadc86000 r--p 0001c000 fe:01 574846                     /home/adam/jdk11u/build/linux-x86_64-normal-server-release/jdk/lib/libjimage.so
7fbbadc86000-7fbbadc87000 rw-p 0001e000 fe:01 574846                     /home/adam/jdk11u/build/linux-x86_64-normal-server-release/jdk/lib/libjimage.so
7fbbadc87000-7fbbadc95000 r--p 00000000 fe:01 574823                     /home/adam/jdk11u/build/linux-x86_64-normal-server-release/jdk/lib/libjava.so
7fbbadc95000-7fbbadcab000 r-xp 0000e000 fe:01 574823                     /home/adam/jdk11u/build/linux-x86_64-normal-server-release/jdk/lib/libjava.so
7fbbadcab000-7fbbadcb2000 r--p 00024000 fe:01 574823                     /home/adam/jdk11u/build/linux-x86_64-normal-server-release/jdk/lib/libjava.so
7fbbadcb2000-7fbbadcb3000 r--p 0002a000 fe:01 574823                     /home/adam/jdk11u/build/linux-x86_64-normal-server-release/jdk/lib/libjava.so
7fbbadcb3000-7fbbadcb4000 rw-p 0002b000 fe:01 574823                     /home/adam/jdk11u/build/linux-x86_64-normal-server-release/jdk/lib/libjava.so
7fbbadcb4000-7fbbadcb5000 rw-p 00000000 00:00 0 
7fbbadcb5000-7fbbadcb9000 ---p 00000000 00:00 0 
7fbbadcb9000-7fbbaddb6000 rw-p 00000000 00:00 0 
7fbbaddb6000-7fbbaddc3000 r--p 00000000 fe:01 787094                     /usr/lib/x86_64-linux-gnu/libm-2.31.so
7fbbaddc3000-7fbbade5d000 r-xp 0000d000 fe:01 787094                     /usr/lib/x86_64-linux-gnu/libm-2.31.so
7fbbade5d000-7fbbadef8000 r--p 000a7000 fe:01 787094                     /usr/lib/x86_64-linux-gnu/libm-2.31.so
7fbbadef8000-7fbbadef9000 r--p 00141000 fe:01 787094                     /usr/lib/x86_64-linux-gnu/libm-2.31.so
7fbbadef9000-7fbbadefa000 rw-p 00142000 fe:01 787094                     /usr/lib/x86_64-linux-gnu/libm-2.31.so
7fbbadefa000-7fbbadefc000 r--p 00000000 fe:01 787107                     /usr/lib/x86_64-linux-gnu/librt-2.31.so
7fbbadefc000-7fbbadf00000 r-xp 00002000 fe:01 787107                     /usr/lib/x86_64-linux-gnu/librt-2.31.so
7fbbadf00000-7fbbadf02000 r--p 00006000 fe:01 787107                     /usr/lib/x86_64-linux-gnu/librt-2.31.so
7fbbadf02000-7fbbadf03000 r--p 00007000 fe:01 787107                     /usr/lib/x86_64-linux-gnu/librt-2.31.so
7fbbadf03000-7fbbadf04000 rw-p 00008000 fe:01 787107                     /usr/lib/x86_64-linux-gnu/librt-2.31.so
7fbbadf04000-7fbbae181000 r--p 00000000 fe:01 573836                     /home/adam/jdk11u/build/linux-x86_64-normal-server-release/jdk/lib/server/libjvm.so
7fbbae181000-7fbbaed73000 r-xp 0027d000 fe:01 573836                     /home/adam/jdk11u/build/linux-x86_64-normal-server-release/jdk/lib/server/libjvm.so
7fbbaed73000-7fbbaefc8000 r--p 00e6f000 fe:01 573836                     /home/adam/jdk11u/build/linux-x86_64-normal-server-release/jdk/lib/server/libjvm.so
7fbbaefc8000-7fbbaefc9000 ---p 010c4000 fe:01 573836                     /home/adam/jdk11u/build/linux-x86_64-normal-server-release/jdk/lib/server/libjvm.so
7fbbaefc9000-7fbbaf08c000 r--p 010c4000 fe:01 573836                     /home/adam/jdk11u/build/linux-x86_64-normal-server-release/jdk/lib/server/libjvm.so
7fbbaf08c000-7fbbaf0c6000 rw-p 01187000 fe:01 573836                     /home/adam/jdk11u/build/linux-x86_64-normal-server-release/jdk/lib/server/libjvm.so
7fbbaf0c6000-7fbbaf11f000 rw-p 00000000 00:00 0 
7fbbaf11f000-7fbbaf125000 r--p 00000000 fe:01 787105                     /usr/lib/x86_64-linux-gnu/libpthread-2.31.so
7fbbaf125000-7fbbaf135000 r-xp 00006000 fe:01 787105                     /usr/lib/x86_64-linux-gnu/libpthread-2.31.so
7fbbaf135000-7fbbaf13b000 r--p 00016000 fe:01 787105                     /usr/lib/x86_64-linux-gnu/libpthread-2.31.so
7fbbaf13b000-7fbbaf13c000 r--p 0001b000 fe:01 787105                     /usr/lib/x86_64-linux-gnu/libpthread-2.31.so
7fbbaf13c000-7fbbaf13d000 rw-p 0001c000 fe:01 787105                     /usr/lib/x86_64-linux-gnu/libpthread-2.31.so
7fbbaf13d000-7fbbaf141000 rw-p 00000000 00:00 0 
7fbbaf141000-7fbbaf142000 r--p 00000000 fe:01 787091                     /usr/lib/x86_64-linux-gnu/libdl-2.31.so
7fbbaf142000-7fbbaf144000 r-xp 00001000 fe:01 787091                     /usr/lib/x86_64-linux-gnu/libdl-2.31.so
7fbbaf144000-7fbbaf145000 r--p 00003000 fe:01 787091                     /usr/lib/x86_64-linux-gnu/libdl-2.31.so
7fbbaf145000-7fbbaf146000 r--p 00003000 fe:01 787091                     /usr/lib/x86_64-linux-gnu/libdl-2.31.so
7fbbaf146000-7fbbaf147000 rw-p 00004000 fe:01 787091                     /usr/lib/x86_64-linux-gnu/libdl-2.31.so
7fbbaf147000-7fbbaf14a000 r--p 00000000 fe:01 788525                     /usr/lib/x86_64-linux-gnu/libz.so.1.2.11
7fbbaf14a000-7fbbaf15b000 r-xp 00003000 fe:01 788525                     /usr/lib/x86_64-linux-gnu/libz.so.1.2.11
7fbbaf15b000-7fbbaf161000 r--p 00014000 fe:01 788525                     /usr/lib/x86_64-linux-gnu/libz.so.1.2.11
7fbbaf161000-7fbbaf162000 ---p 0001a000 fe:01 788525                     /usr/lib/x86_64-linux-gnu/libz.so.1.2.11
7fbbaf162000-7fbbaf163000 r--p 0001a000 fe:01 788525                     /usr/lib/x86_64-linux-gnu/libz.so.1.2.11
7fbbaf163000-7fbbaf164000 rw-p 0001b000 fe:01 788525                     /usr/lib/x86_64-linux-gnu/libz.so.1.2.11
7fbbaf164000-7fbbaf186000 r--p 00000000 fe:01 787090                     /usr/lib/x86_64-linux-gnu/libc-2.31.so
7fbbaf186000-7fbbaf2df000 r-xp 00022000 fe:01 787090                     /usr/lib/x86_64-linux-gnu/libc-2.31.so
7fbbaf2df000-7fbbaf32e000 r--p 0017b000 fe:01 787090                     /usr/lib/x86_64-linux-gnu/libc-2.31.so
7fbbaf32e000-7fbbaf332000 r--p 001c9000 fe:01 787090                     /usr/lib/x86_64-linux-gnu/libc-2.31.so
7fbbaf332000-7fbbaf334000 rw-p 001cd000 fe:01 787090                     /usr/lib/x86_64-linux-gnu/libc-2.31.so
7fbbaf334000-7fbbaf338000 rw-p 00000000 00:00 0 
7fbbaf33a000-7fbbaf33b000 ---p 00000000 00:00 0 
7fbbaf33b000-7fbbaf33c000 r--p 00000000 00:00 0 
7fbbaf33c000-7fbbaf341000 r--p 00000000 fe:01 574815                     /home/adam/jdk11u/build/linux-x86_64-normal-server-release/jdk/lib/libverify.so
7fbbaf341000-7fbbaf348000 r-xp 00005000 fe:01 574815                     /home/adam/jdk11u/build/linux-x86_64-normal-server-release/jdk/lib/libverify.so
7fbbaf348000-7fbbaf34a000 r--p 0000c000 fe:01 574815                     /home/adam/jdk11u/build/linux-x86_64-normal-server-release/jdk/lib/libverify.so
7fbbaf34a000-7fbbaf34b000 ---p 0000e000 fe:01 574815                     /home/adam/jdk11u/build/linux-x86_64-normal-server-release/jdk/lib/libverify.so
7fbbaf34b000-7fbbaf34d000 r--p 0000e000 fe:01 574815                     /home/adam/jdk11u/build/linux-x86_64-normal-server-release/jdk/lib/libverify.so
7fbbaf34d000-7fbbaf34e000 rw-p 00010000 fe:01 574815                     /home/adam/jdk11u/build/linux-x86_64-normal-server-release/jdk/lib/libverify.so
7fbbaf34e000-7fbbaf351000 r--p 00000000 fe:01 574803                     /home/adam/jdk11u/build/linux-x86_64-normal-server-release/jdk/lib/jli/libjli.so
7fbbaf351000-7fbbaf35b000 r-xp 00003000 fe:01 574803                     /home/adam/jdk11u/build/linux-x86_64-normal-server-release/jdk/lib/jli/libjli.so
7fbbaf35b000-7fbbaf35e000 r--p 0000d000 fe:01 574803                     /home/adam/jdk11u/build/linux-x86_64-normal-server-release/jdk/lib/jli/libjli.so
7fbbaf35e000-7fbbaf35f000 ---p 00010000 fe:01 574803                     /home/adam/jdk11u/build/linux-x86_64-normal-server-release/jdk/lib/jli/libjli.so
7fbbaf35f000-7fbbaf360000 r--p 00010000 fe:01 574803                     /home/adam/jdk11u/build/linux-x86_64-normal-server-release/jdk/lib/jli/libjli.so
7fbbaf360000-7fbbaf361000 rw-p 00011000 fe:01 574803                     /home/adam/jdk11u/build/linux-x86_64-normal-server-release/jdk/lib/jli/libjli.so
7fbbaf361000-7fbbaf363000 rw-p 00000000 00:00 0 
7fbbaf363000-7fbbaf364000 r--p 00000000 fe:01 786446                     /usr/lib/x86_64-linux-gnu/ld-2.31.so
7fbbaf364000-7fbbaf384000 r-xp 00001000 fe:01 786446                     /usr/lib/x86_64-linux-gnu/ld-2.31.so
7fbbaf384000-7fbbaf38c000 r--p 00021000 fe:01 786446                     /usr/lib/x86_64-linux-gnu/ld-2.31.so
7fbbaf38d000-7fbbaf38e000 r--p 00029000 fe:01 786446                     /usr/lib/x86_64-linux-gnu/ld-2.31.so
7fbbaf38e000-7fbbaf38f000 rw-p 0002a000 fe:01 786446                     /usr/lib/x86_64-linux-gnu/ld-2.31.so
7fbbaf38f000-7fbbaf390000 rw-p 00000000 00:00 0 
7ffcf1a78000-7ffcf1a99000 rw-p 00000000 00:00 0                          [stack]
7ffcf1adc000-7ffcf1ae0000 r--p 00000000 00:00 0                          [vvar]
7ffcf1ae0000-7ffcf1ae2000 r-xp 00000000 00:00 0                          [vdso]


VM Arguments:
jvm_args: -XX:AllocateHeapAt=/dev/fakeblk -Xlog:gc=debug -XX:-OptimizeStringConcat -XX:+UnlockExperimentalVMOptions -XX:+UseEpsilonGC -Xnoclassgc -XX:+AlwaysPreTouch -XX:-ClassUnloading -XX:TieredStopAtLevel=3 -Xms32g -Xmx32g -XX:-ClassUnloading 
java_command: ../dacapo-23.11-chopin.jar tradebeans -s vlarge
java_class_path (initial): ../dacapo-23.11-chopin.jar
Launcher Type: SUN_STANDARD

[Global flags]
    ccstr AllocateHeapAt                           = /dev/fakeblk                              {product} {command line}
     bool AlwaysPreTouch                           = true                                      {product} {command line}
     intx CICompilerCount                          = 12                                        {product} {ergonomic}
     bool ClassUnloading                           = false                                     {product} {command line}
     bool ClassUnloadingWithConcurrentMark         = false                                     {product} {command line}
   size_t InitialHeapSize                          = 34359738368                               {product} {command line}
   size_t MaxHeapSize                              = 34359738368                               {product} {command line}
   size_t MinHeapDeltaBytes                        = 172032                                    {product} {ergonomic}
    uintx NonNMethodCodeHeapSize                   = 12163472                               {pd product} {ergonomic}
    uintx NonProfiledCodeHeapSize                  = 119747384                              {pd product} {ergonomic}
     bool OptimizeStringConcat                     = false                                  {C2 product} {command line}
    uintx ProfiledCodeHeapSize                     = 119747384                              {pd product} {ergonomic}
    uintx ReservedCodeCacheSize                    = 251658240                              {pd product} {ergonomic}
     bool SegmentedCodeCache                       = true                                      {product} {ergonomic}
     intx TieredStopAtLevel                        = 3                                         {product} {command line}
     bool UnlockExperimentalVMOptions              = true                                 {experimental} {command line}
     bool UseEpsilonGC                             = true                                 {experimental} {command line}

Logging:
Log output configuration:
 #0: stdout all=warning,gc=debug uptime,level,tags
 #1: stderr all=off uptime,level,tags

Environment Variables:
PATH=/usr/local/sbin:/usr/local/bin:/usr/sbin:/usr/bin:/sbin:/bin
SHELL=/bin/bash
LANG=en_US.UTF-8

Signal Handlers:
SIGSEGV: [libjvm.so+0xde46b0], sa_mask[0]=11111111011111111101111111111110, sa_flags=SA_RESTART|SA_SIGINFO
SIGBUS: [libjvm.so+0xde46b0], sa_mask[0]=11111111011111111101111111111110, sa_flags=SA_RESTART|SA_SIGINFO
SIGFPE: [libjvm.so+0xde46b0], sa_mask[0]=11111111011111111101111111111110, sa_flags=SA_RESTART|SA_SIGINFO
SIGPIPE: [libjvm.so+0xbdf3f0], sa_mask[0]=11111111011111111101111111111110, sa_flags=SA_RESTART|SA_SIGINFO
SIGXFSZ: [libjvm.so+0xbdf3f0], sa_mask[0]=11111111011111111101111111111110, sa_flags=SA_RESTART|SA_SIGINFO
SIGILL: [libjvm.so+0xde46b0], sa_mask[0]=11111111011111111101111111111110, sa_flags=SA_RESTART|SA_SIGINFO
SIGUSR2: [libjvm.so+0x2d1680], sa_mask[0]=00000000000100000000000000000000, sa_flags=SA_RESTART
SIGHUP: [libjvm.so+0xbdfb20], sa_mask[0]=11111111011111111101111111111110, sa_flags=SA_RESTART|SA_SIGINFO
SIGINT: [libjvm.so+0xbdfb20], sa_mask[0]=11111111011111111101111111111110, sa_flags=SA_RESTART|SA_SIGINFO
SIGTERM: [libjvm.so+0xbdfb20], sa_mask[0]=11111111011111111101111111111110, sa_flags=SA_RESTART|SA_SIGINFO
SIGQUIT: [libjvm.so+0xbdfb20], sa_mask[0]=11111111011111111101111111111110, sa_flags=SA_RESTART|SA_SIGINFO


---------------  S Y S T E M  ---------------

OS:PRETTY_NAME="Debian GNU/Linux 11 (bullseye)"
NAME="Debian GNU/Linux"
VERSION_ID="11"
VERSION="11 (bullseye)"
VERSION_CODENAME=bullseye
ID=debian
HOME_URL="https://www.debian.org/"
SUPPORT_URL="https://www.debian.org/support"
BUG_REPORT_URL="https://bugs.debian.org/"
uname:Linux 5.10.0-28-amd64 #1 SMP Debian 5.10.209-2 (2024-01-31) x86_64
OS uptime: 15 days 23:53 hours
libc:glibc 2.31 NPTL 2.31 
rlimit (soft/hard): STACK 8192k/infinity , CORE 0k/infinity , NPROC 256990/256990 , NOFILE 1048576/1048576 , AS infinity/infinity , CPU infinity/infinity , DATA infinity/infinity , FSIZE infinity/infinity , MEMLOCK 8229866k/8229866k
load average:15.84 18.73 15.57

/proc/meminfo:
MemTotal:       65838928 kB
MemFree:        21247572 kB
MemAvailable:   21810384 kB
Buffers:          610388 kB
Cached:         40055660 kB
SwapCached:            0 kB
Active:         40290036 kB
Inactive:         980532 kB
Active(anon):   39867008 kB
Inactive(anon):   326080 kB
Active(file):     423028 kB
Inactive(file):   654452 kB
Unevictable:           0 kB
Mlocked:               0 kB
SwapTotal:             0 kB
SwapFree:              0 kB
Dirty:               160 kB
Writeback:             0 kB
AnonPages:        346216 kB
Mapped:          6922084 kB
Shmem:          39588120 kB
KReclaimable:     165860 kB
Slab:             408688 kB
SReclaimable:     165860 kB
SUnreclaim:       242828 kB
KernelStack:       12400 kB
PageTables:        22912 kB
NFS_Unstable:          0 kB
Bounce:                0 kB
WritebackTmp:          0 kB
CommitLimit:    32919464 kB
Committed_AS:    7524028 kB
VmallocTotal:   34359738367 kB
VmallocUsed:     1350308 kB
VmallocChunk:          0 kB
Percpu:            37824 kB
HardwareCorrupted:     0 kB
AnonHugePages:         0 kB
ShmemHugePages:        0 kB
ShmemPmdMapped:        0 kB
FileHugePages:         0 kB
FilePmdMapped:         0 kB
HugePages_Total:       0
HugePages_Free:        0
HugePages_Rsvd:        0
HugePages_Surp:        0
Hugepagesize:       2048 kB
Hugetlb:               0 kB
DirectMap4k:     1306476 kB
DirectMap2M:    41684992 kB
DirectMap1G:    26214400 kB

/sys/kernel/mm/transparent_hugepage/enabled:
always [madvise] never
/sys/kernel/mm/transparent_hugepage/defrag (defrag/compaction efforts parameter):
always defer defer+madvise [madvise] never

Process Memory:
Virtual Size: 51780024K (peak: 51839776K)
Resident Set Size: 7087312K (peak: 7087312K) (anon: 211440K, file: 584416K, shmem: 6291456K)
Swapped out: 0K
C-Heap outstanding allocations: 119042K, retained: 31837K (may have wrapped)
glibc malloc tunables: (default)

/proc/sys/kernel/threads-max (system-wide limit on the number of threads):
513981
/proc/sys/vm/max_map_count (maximum number of memory map areas a process may have):
65530
/proc/sys/kernel/pid_max (system-wide limit on number of process identifiers):
4194304

container (cgroup) information:
container_type: cgroupv2
cpu_cpuset_cpus: 21-25,27-46
cpu_memory_nodes: not supported
active_processor_count: 25
cpu_quota: not supported
cpu_period: not supported
cpu_shares: not supported
memory_limit_in_bytes: 1572864000
memory_and_swap_limit_in_bytes: unlimited
memory_soft_limit_in_bytes: unlimited
memory_usage_in_bytes: 873111552
memory_max_usage_in_bytes: not supported

KVM virtualization detected
Steal ticks since vm start: 14
Steal ticks percentage since vm start:  0.000

CPU:total 48 (initial active 25) (1 cores per cpu, 1 threads per core) family 16 model 2 stepping 3 microcode 0x1000065, cmov, cx8, fxsr, mmx, sse, sse2, sse3, popcnt, mmxext, 3dnowpref, lzcnt, sse4a, tsc
CPU Model and flags from /proc/cpuinfo:
model name	: AMD Opteron 23xx (Gen 3 Class Opteron)
flags		: fpu vme de pse tsc msr pae mce cx8 apic sep mtrr pge mca cmov pat pse36 clflush mmx fxsr sse sse2 syscall nx mmxext fxsr_opt pdpe1gb rdtscp lm 3dnowext 3dnow rep_good nopl cpuid extd_apicid tsc_known_freq pni cx16 x2apic popcnt tsc_deadline_timer hypervisor lahf_lm cmp_legacy cr8_legacy abm sse4a misalignsse 3dnowprefetch osvw vmmcall arat
Online cpus:
0-47
Offline cpus:

BIOS frequency limitation:
<Not Available>
Frequency switch latency (ns):
<Not Available>
Available cpu frequencies:
<Not Available>
Current governor:
<Not Available>
Core performance/turbo boost:
<Not Available>

Memory: 4k page, physical 1536000k(683352k free), swap 0k(0k free)

vm_info: OpenJDK 64-Bit Server VM (11.0.16-internal+0-adhoc.adam.jdk11u) for linux-amd64 JRE (11.0.16-internal+0-adhoc.adam.jdk11u), built on Apr  3 2025 14:12:42 by "adam" with gcc 10.2.1 20210110

END.
