#
# A fatal error has been detected by the Java Runtime Environment:
#
#  SIGSEGV (0xb) at pc=0x00007f307b8ef1d0, pid=34261, tid=34285
#
# JRE version: OpenJDK Runtime Environment (11.0.16) (build 11.0.16-internal+0-adhoc.adam.jdk11u)
# Java VM: OpenJDK 64-Bit Server VM (11.0.16-internal+0-adhoc.adam.jdk11u, mixed mode, tiered, compressed oops, epsilon gc, linux-amd64)
# Problematic frame:
# V  [libjvm.so+0xb441d0]  ObjArrayAllocator::initialize(HeapWord*) const+0xd0
#
# No core dump will be written. Core dumps have been disabled. To enable core dumping, try "ulimit -c unlimited" before starting Java again
#
# If you would like to submit a bug report, please visit:
#   https://bugreport.java.com/bugreport/crash.jsp
#

---------------  S U M M A R Y ------------

Command Line: -XX:AllocateHeapAt=/dev/fakeblk -Xlog:gc=debug -XX:-OptimizeStringConcat -XX:+UnlockExperimentalVMOptions -XX:+UseEpsilonGC -Xnoclassgc -XX:+AlwaysPreTouch -XX:-ClassUnloading -XX:TieredStopAtLevel=3 -Xms20g -Xmx20g -XX:-ClassUnloading ../dacapo-23.11-chopin.jar tradebeans

Host: AMD Opteron 23xx (Gen 3 Class Opteron), 48 cores, 1G, Debian GNU/Linux 11 (bullseye)
Time: Wed Apr  2 12:12:36 2025 CEST elapsed time: 186.170446 seconds (0d 0h 3m 6s)

---------------  T H R E A D  ---------------

Current thread (0x00007f2ea409e000):  JavaThread "MSC service thread 1-7" [_thread_in_vm, id=34285, stack(0x00007f2ee48fb000,0x00007f2ee49fc000)]

Stack: [0x00007f2ee48fb000,0x00007f2ee49fc000],  sp=0x00007f2ee49f9d30,  free space=1019k
Native frames: (J=compiled Java code, A=aot compiled Java code, j=interpreted, Vv=VM code, C=native code)
V  [libjvm.so+0xb441d0]  ObjArrayAllocator::initialize(HeapWord*) const+0xd0
V  [libjvm.so+0xb44efd]  MemAllocator::allocate() const+0x9d
V  [libjvm.so+0x606834]  CollectedHeap::array_allocate(Klass*, int, int, bool, Thread*)+0x44
V  [libjvm.so+0x86dfe8]  InterpreterRuntime::newarray(JavaThread*, BasicType, int)+0x28
j  org.jboss.vfs.VFSUtils.copyStream(Ljava/io/InputStream;Ljava/io/OutputStream;I)V+31
j  org.jboss.vfs.VFSUtils.copyStream(Ljava/io/InputStream;Ljava/io/OutputStream;)V+4
j  org.jboss.vfs.VFSUtils.unzip(Ljava/io/File;Ljava/io/File;)V+194
j  org.jboss.vfs.VFS.mountZipExpanded(Ljava/io/InputStream;Ljava/lang/String;Lorg/jboss/vfs/VirtualFile;Lorg/jboss/vfs/TempFileProvider;)Ljava/io/Closeable;+104
j  org.jboss.vfs.VFS.mountZipExpanded(Lorg/jboss/vfs/VirtualFile;Lorg/jboss/vfs/VirtualFile;Lorg/jboss/vfs/TempFileProvider;)Ljava/io/Closeable;+10
j  org.jboss.as.ee.structure.EarStructureProcessor.mount(Lorg/jboss/vfs/VirtualFile;Z)Ljava/io/Closeable;+9
j  org.jboss.as.ee.structure.EarStructureProcessor.createResourceRoot(Lorg/jboss/as/server/deployment/DeploymentUnit;Lorg/jboss/vfs/VirtualFile;ZZ)Lorg/jboss/as/server/deployment/module/ResourceRoot;+27
j  org.jboss.as.ee.structure.EarStructureProcessor.deploy(Lorg/jboss/as/server/deployment/DeploymentPhaseContext;)V+677
j  org.jboss.as.server.deployment.DeploymentUnitPhaseService.start(Lorg/jboss/msc/service/StartContext;)V+660
J 4841 c1 org.jboss.msc.service.ServiceControllerImpl$StartTask.startService(Lorg/jboss/msc/Service;Lorg/jboss/msc/service/StartContext;)V (37 bytes) @ 0x00007f3066838844 [0x00007f3066838040+0x0000000000000804]
J 4836 c1 org.jboss.msc.service.ServiceControllerImpl$StartTask.execute()Z (243 bytes) @ 0x00007f3066839f2c [0x00007f3066839b20+0x000000000000040c]
J 4167 c1 org.jboss.msc.service.ServiceControllerImpl$ControllerTask.run()V (152 bytes) @ 0x00007f3066660b9c [0x00007f30666609c0+0x00000000000001dc]
J 4159 c1 org.jboss.threads.ContextClassLoaderSavingRunnable.run()V (39 bytes) @ 0x00007f306665ba54 [0x00007f306665b640+0x0000000000000414]
J 3800 c1 org.jboss.threads.EnhancedQueueExecutor.safeRun(Ljava/lang/Runnable;)V (66 bytes) @ 0x00007f30665084b4 [0x00007f3066508360+0x0000000000000154]
J 4161 c1 org.jboss.threads.EnhancedQueueExecutor$ThreadBody.doRunTask(Ljava/lang/Runnable;)V (79 bytes) @ 0x00007f306665e204 [0x00007f306665dcc0+0x0000000000000544]
j  org.jboss.threads.EnhancedQueueExecutor$ThreadBody.run()V+201
j  java.lang.Thread.run()V+11 java.base
v  ~StubRoutines::call_stub
V  [libjvm.so+0x87b9d3]  JavaCalls::call_helper(JavaValue*, methodHandle const&, JavaCallArguments*, Thread*)+0x353
V  [libjvm.so+0x879ee6]  JavaCalls::call_virtual(JavaValue*, Handle, Klass*, Symbol*, Symbol*, Thread*)+0x1a6
V  [libjvm.so+0x92502d]  thread_entry(JavaThread*, Thread*)+0x6d
V  [libjvm.so+0xd79ec3]  JavaThread::thread_main_inner()+0x133
V  [libjvm.so+0xd7686c]  Thread::call_run()+0x13c
V  [libjvm.so+0xbe9446]  thread_native_entry(Thread*)+0xe6

Java frames: (J=compiled Java code, j=interpreted, Vv=VM code)
j  org.jboss.vfs.VFSUtils.copyStream(Ljava/io/InputStream;Ljava/io/OutputStream;I)V+31
j  org.jboss.vfs.VFSUtils.copyStream(Ljava/io/InputStream;Ljava/io/OutputStream;)V+4
j  org.jboss.vfs.VFSUtils.unzip(Ljava/io/File;Ljava/io/File;)V+194
j  org.jboss.vfs.VFS.mountZipExpanded(Ljava/io/InputStream;Ljava/lang/String;Lorg/jboss/vfs/VirtualFile;Lorg/jboss/vfs/TempFileProvider;)Ljava/io/Closeable;+104
j  org.jboss.vfs.VFS.mountZipExpanded(Lorg/jboss/vfs/VirtualFile;Lorg/jboss/vfs/VirtualFile;Lorg/jboss/vfs/TempFileProvider;)Ljava/io/Closeable;+10
j  org.jboss.as.ee.structure.EarStructureProcessor.mount(Lorg/jboss/vfs/VirtualFile;Z)Ljava/io/Closeable;+9
j  org.jboss.as.ee.structure.EarStructureProcessor.createResourceRoot(Lorg/jboss/as/server/deployment/DeploymentUnit;Lorg/jboss/vfs/VirtualFile;ZZ)Lorg/jboss/as/server/deployment/module/ResourceRoot;+27
j  org.jboss.as.ee.structure.EarStructureProcessor.deploy(Lorg/jboss/as/server/deployment/DeploymentPhaseContext;)V+677
j  org.jboss.as.server.deployment.DeploymentUnitPhaseService.start(Lorg/jboss/msc/service/StartContext;)V+660
J 4841 c1 org.jboss.msc.service.ServiceControllerImpl$StartTask.startService(Lorg/jboss/msc/Service;Lorg/jboss/msc/service/StartContext;)V (37 bytes) @ 0x00007f3066838844 [0x00007f3066838040+0x0000000000000804]
J 4836 c1 org.jboss.msc.service.ServiceControllerImpl$StartTask.execute()Z (243 bytes) @ 0x00007f3066839f2c [0x00007f3066839b20+0x000000000000040c]
J 4167 c1 org.jboss.msc.service.ServiceControllerImpl$ControllerTask.run()V (152 bytes) @ 0x00007f3066660b9c [0x00007f30666609c0+0x00000000000001dc]
J 4159 c1 org.jboss.threads.ContextClassLoaderSavingRunnable.run()V (39 bytes) @ 0x00007f306665ba54 [0x00007f306665b640+0x0000000000000414]
J 3800 c1 org.jboss.threads.EnhancedQueueExecutor.safeRun(Ljava/lang/Runnable;)V (66 bytes) @ 0x00007f30665084b4 [0x00007f3066508360+0x0000000000000154]
J 4161 c1 org.jboss.threads.EnhancedQueueExecutor$ThreadBody.doRunTask(Ljava/lang/Runnable;)V (79 bytes) @ 0x00007f306665e204 [0x00007f306665dcc0+0x0000000000000544]
j  org.jboss.threads.EnhancedQueueExecutor$ThreadBody.run()V+201
j  java.lang.Thread.run()V+11 java.base
v  ~StubRoutines::call_stub

siginfo: si_signo: 11 (SIGSEGV), si_code: 1 (SEGV_MAPERR), si_addr: 0x000000000000000f

Register to memory mapping:

RAX=0x00007f307be80600: <offset 0x00000000010d5600> in /home/adam/jdk11u/build/linux-x86_64-normal-server-release/jdk/lib/server/libjvm.so at 0x00007f307adab000
RBX=0x00007f2ee49f9de0 is pointing into the stack for thread: 0x00007f2ea409e000
RCX=0x00007f307c0f644c: __read+0x000000000000004c in /lib/x86_64-linux-gnu/libc.so.6 at 0x00007f307c00b000
RDX=0x00007f2ea409e000 is a thread
RSP=0x00007f2ee49f9d30 is pointing into the stack for thread: 0x00007f2ea409e000
RBP=0x00007f2ee49f9d50 is pointing into the stack for thread: 0x00007f2ea409e000
RSI=0x0000000000000003 is an unknown value
RDI=0x0000000000000013 is an unknown value
R8 =0x0 is NULL
R9 =0x0000000000004000 is an unknown value
R10=0x0000000000010000 is an unknown value
R11=0x0 is NULL
R12=0x0000000000000003 is an unknown value
R13=0x00007f307bf8040c: <offset 0x00000000011d540c> in /home/adam/jdk11u/build/linux-x86_64-normal-server-release/jdk/lib/server/libjvm.so at 0x00007f307adab000
R14=0x0000000000000001 is an unknown value
R15=0x00007f2ea409e000 is a thread


Registers:
RAX=0x00007f307be80600, RBX=0x00007f2ee49f9de0, RCX=0x00007f307c0f644c, RDX=0x00007f2ea409e000
RSP=0x00007f2ee49f9d30, RBP=0x00007f2ee49f9d50, RSI=0x0000000000000003, RDI=0x0000000000000013
R8 =0x0000000000000000, R9 =0x0000000000004000, R10=0x0000000000010000, R11=0x0000000000000000
R12=0x0000000000000003, R13=0x00007f307bf8040c, R14=0x0000000000000001, R15=0x00007f2ea409e000
RIP=0x00007f307b8ef1d0, EFLAGS=0x0000000000010202, CSGSFS=0x002b000000000033, ERR=0x0000000000000006
  TRAPNO=0x000000000000000e

Top of Stack: (sp=0x00007f2ee49f9d30)
0x00007f2ee49f9d30:   00000000000000bc 00007f2ee49f9de0
0x00007f2ee49f9d40:   00007f2ee49f9d70 00007f2ee49f9ed8
0x00007f2ee49f9d50:   00007f2ee49f9dd0 00007f307b8efefd
0x00007f2ee49f9d60:   00007f2ee49f9ea0 0000000000000000 

Instructions: (pc=0x00007f307b8ef1d0)
0x00007f307b8ef0d0:   e8 41 89 44 24 08 48 83 c4 08 4c 89 e0 5b 41 5c
0x00007f307b8ef0e0:   41 5d 5d c3 0f 1f 40 00 49 89 44 24 08 48 83 c4
0x00007f307b8ef0f0:   08 4c 89 e0 5b 41 5c 41 5d 5d c3 90 0f 1f 40 00
0x00007f307b8ef100:   55 48 89 e5 41 56 41 55 4c 8d 2d fd 12 69 00 41
0x00007f307b8ef110:   54 49 89 f4 53 80 7f 2c 00 48 89 fb 45 0f b6 75
0x00007f307b8ef120:   00 74 2e 48 8d 7e 10 45 84 f6 0f 85 a0 00 00 00
0x00007f307b8ef130:   48 8b 53 20 48 8d 42 fd 48 83 fa 02 0f 84 b3 00
0x00007f307b8ef140:   00 00 48 8d 14 c5 08 00 00 00 31 f6 e8 6f 92 73
0x00007f307b8ef150:   ff 49 8d 54 24 0c 49 8d 7c 24 10 45 84 f6 8b 43
0x00007f307b8ef160:   28 48 0f 45 fa 48 8d 15 ac 9e 64 00 89 07 b8 01
0x00007f307b8ef170:   00 00 00 80 3a 00 74 0b 48 8b 43 18 48 8b 80 b8
0x00007f307b8ef180:   00 00 00 49 89 04 24 41 80 7d 00 00 48 8b 43 18
0x00007f307b8ef190:   74 26 48 8d 15 57 41 66 00 8b 4a 08 48 2b 02 48
0x00007f307b8ef1a0:   d3 e8 5b 41 89 44 24 08 4c 89 e0 41 5c 41 5d 41
0x00007f307b8ef1b0:   5e 5d c3 0f 1f 44 00 00 5b 49 89 44 24 08 4c 89
0x00007f307b8ef1c0:   e0 41 5c 41 5d 41 5e 5d c3 0f 1f 80 00 00 00 00
0x00007f307b8ef1d0:   c7 46 0c 00 00 00 00 48 8b 53 20 48 8d 42 fd 48
0x00007f307b8ef1e0:   83 fa 02 0f 85 59 ff ff ff 8b 43 28 48 8d 7e 0c
0x00007f307b8ef1f0:   e9 70 ff ff ff 8b 43 28 e9 68 ff ff ff 90 66 90
0x00007f307b8ef200:   55 48 89 e5 41 55 41 54 49 89 f4 53 48 89 fb 48
0x00007f307b8ef210:   83 ec 08 4c 8d 2d f2 11 69 00 41 80 7d 00 00 74
0x00007f307b8ef220:   07 c7 46 0c 00 00 00 00 48 8b 73 20 49 8d 7c 24
0x00007f307b8ef230:   10 48 83 fe 02 74 13 48 8d 14 f5 f0 ff ff ff 31
0x00007f307b8ef240:   f6 e8 7a 91 73 ff 48 8b 73 20 4c 89 e7 e8 4e ac
0x00007f307b8ef250:   d3 ff 48 8d 15 bf 9d 64 00 b8 01 00 00 00 80 3a
0x00007f307b8ef260:   00 74 0b 48 8b 43 18 48 8b 80 b8 00 00 00 49 89
0x00007f307b8ef270:   04 24 41 80 7d 00 00 48 8b 43 18 74 23 48 8d 15
0x00007f307b8ef280:   6c 40 66 00 8b 4a 08 48 2b 02 48 d3 e8 41 89 44
0x00007f307b8ef290:   24 08 48 83 c4 08 4c 89 e0 5b 41 5c 41 5d 5d c3
0x00007f307b8ef2a0:   49 89 44 24 08 48 83 c4 08 4c 89 e0 5b 41 5c 41
0x00007f307b8ef2b0:   5d 5d c3 90 66 66 2e 0f 1f 84 00 00 00 00 00 90
0x00007f307b8ef2c0:   80 7f 2c 00 48 8b 57 20 48 89 f0 75 1c 48 8d 35 


Stack slot to memory mapping:
stack at sp + 0 slots: 0x00000000000000bc is an unknown value
stack at sp + 1 slots: 0x00007f2ee49f9de0 is pointing into the stack for thread: 0x00007f2ea409e000
stack at sp + 2 slots: 0x00007f2ee49f9d70 is pointing into the stack for thread: 0x00007f2ea409e000
stack at sp + 3 slots: 0x00007f2ee49f9ed8 is pointing into the stack for thread: 0x00007f2ea409e000
stack at sp + 4 slots: 0x00007f2ee49f9dd0 is pointing into the stack for thread: 0x00007f2ea409e000
stack at sp + 5 slots: 0x00007f307b8efefd: <offset 0x0000000000b44efd> in /home/adam/jdk11u/build/linux-x86_64-normal-server-release/jdk/lib/server/libjvm.so at 0x00007f307adab000
stack at sp + 6 slots: 0x00007f2ee49f9ea0 is pointing into the stack for thread: 0x00007f2ea409e000
stack at sp + 7 slots: 0x0 is NULL


---------------  P R O C E S S  ---------------

Threads class SMR info:
_java_thread_list=0x00007f2c08001020, length=176, elements={
0x00007f3074027800, 0x00007f307418d000, 0x00007f30741dc800, 0x00007f3074232000,
0x00007f307427e800, 0x00007f30742c9000, 0x00007f3074313800, 0x00007f30743bc800,
0x00007f307465a800, 0x00007f307471b000, 0x00007f3075394800, 0x00007f30753e0000,
0x00007f2eac014800, 0x00007f2ea4009800, 0x00007f2ea4053800, 0x00007f2ea4057800,
0x00007f2ea409e000, 0x00007f2ea40e7000, 0x00007f2e9018c000, 0x00007f2ea0007000,
0x00007f2e8c047800, 0x00007f2e8c09d800, 0x00007f2e8c058000, 0x00007f2e8c049800,
0x00007f2e8c09f000, 0x00007f2e8c060000, 0x00007f2e8c131000, 0x00007f2e8c0ad800,
0x00007f2e8c0ea800, 0x00007f2e8c139000, 0x00007f2e8c13a000, 0x00007f2e8c0f2800,
0x00007f2e8c12e000, 0x00007f2e8c259000, 0x00007f2e8c2d6800, 0x00007f2e8c29f000,
0x00007f2e8c39d000, 0x00007f2e8c363800, 0x00007f2e8c2dc000, 0x00007f2e8c2e0000,
0x00007f2e8c2e3800, 0x00007f2e8c3da800, 0x00007f2e8c29a000, 0x00007f2e8c0a9800,
0x00007f2e8c4b8800, 0x00007f2e8c2d9800, 0x00007f2e8c441000, 0x00007f2e8c6ec000,
0x00007f2e8c59f800, 0x00007f2e8c77c000, 0x00007f2e8c35c800, 0x00007f2e8c5a2800,
0x00007f2e8c59e800, 0x00007f2e8c88c000, 0x00007f2e8c8d6000, 0x00007f2e8c355800,
0x00007f2e8c6ab800, 0x00007f2e8ca7c000, 0x00007f2e8cac5000, 0x00007f2e8cad1800,
0x00007f2e8cb4a000, 0x00007f2e18192000, 0x00007f2dcc004000, 0x00007f2e8ca85800,
0x00007f2e9018f000, 0x00007f2e94042000, 0x00007f2e9408c000, 0x00007f2e94044000,
0x00007f2e8cb4d000, 0x00007f2e8cb52000, 0x00007f2e8cc00000, 0x00007f2e8cc02000,
0x00007f2e8cb50000, 0x00007f2e8cbfa000, 0x00007f2e8ccc5800, 0x00007f2e8ccc1800,
0x00007f2e8cd4a000, 0x00007f2e8cc83800, 0x00007f2e8ce0a800, 0x00007f2e8cd4d000,
0x00007f2e8cd84000, 0x00007f2e8cd87000, 0x00007f2e8cb53000, 0x00007f2e8ce14800,
0x00007f2e8cebd000, 0x00007f2e8cf42000, 0x00007f2e8cfb7800, 0x00007f2e8d030000,
0x00007f2e8cefb800, 0x00007f2e8ce4c800, 0x00007f2e8ce0c800, 0x00007f2e8d17a000,
0x00007f2e8d0b3800, 0x00007f2e8cc87800, 0x00007f2e8d11e800, 0x00007f2e8cdc5800,
0x00007f2e8d071800, 0x00007f2e8d208800, 0x00007f2e8d2c1800, 0x00007f2e8d283000,
0x00007f2e8d2ce800, 0x00007f2e8d287000, 0x00007f2e8d02d000, 0x00007f2e8cf49800,
0x00007f2e8d11d800, 0x00007f2e8d30e800, 0x00007f2e8cc82800, 0x00007f2e9c0a3000,
0x00007f2e9c0ed800, 0x00007f2e9c138000, 0x00007f2e9c0f1800, 0x00007f2e9c13c000,
0x00007f2e9c20e000, 0x00007f2e9c1cb800, 0x00007f2e9c212000, 0x00007f2e9c2e5800,
0x00007f2e9c32c000, 0x00007f2e9c373800, 0x00007f2e9c32e000, 0x00007f2e9c377800,
0x00007f2e9c3c0000, 0x00007f2e9c407800, 0x00007f2e9c44f000, 0x00007f2e9c496000,
0x00007f2e9c569000, 0x00007f2e9c525000, 0x00007f2e9c5f7800, 0x00007f2e9c5b4800,
0x00007f2e9c5fb000, 0x00007f2e9c643800, 0x00007f2e9c68b000, 0x00007f2e9c6d2000,
0x00007f2e9c71a000, 0x00007f2e9c761000, 0x00007f2e9c833800, 0x00007f2e9c87a800,
0x00007f2e9c8c2000, 0x00007f2e9c909800, 0x00007f2e9c8c5800, 0x00007f2e9c90d800,
0x00007f2e9c9df800, 0x00007f2e9ca26800, 0x00007f2e9c9e3000, 0x00007f2e9ca2a800,
0x00007f2e9cafc000, 0x00007f2e9cb44800, 0x00007f2e9cafe000, 0x00007f2e9cb46000,
0x00007f2e9cb8d800, 0x00007f2e9cbd6800, 0x00007f2e9cca9000, 0x00007f2e9cc65800,
0x00007f2e9ccad000, 0x00007f2e9cd7e800, 0x00007f2e9cd3b800, 0x00007f2e9cd82800,
0x00007f2e9cdca800, 0x00007f2e9ce9b800, 0x00007f2e98010000, 0x00007f2e9805b000,
0x00007f2eac024000, 0x00007f2e980b4800, 0x00007f2e9cf3c000, 0x00007f2e9cf8e800,
0x00007f2e9815e000, 0x00007f2e98161000, 0x00007f2e9025e800, 0x00007f2e902ad800,
0x00007f2e941da000, 0x00007f2ea00c6000, 0x00007f2ec8089800, 0x00007f2e9422a000,
0x00007f2e94275000, 0x00007f2e942be800, 0x00007f2e8807b000, 0x00007f2dd8026000
}

Java Threads: ( => current thread )
  0x00007f3074027800 JavaThread "main" [_thread_in_native, id=34262, stack(0x00007f307ab5c000,0x00007f307ac5d000)]
  0x00007f307418d000 JavaThread "Reference Handler" daemon [_thread_blocked, id=34264, stack(0x00007f3079e23000,0x00007f3079f24000)]
  0x00007f30741dc800 JavaThread "Finalizer" daemon [_thread_blocked, id=34265, stack(0x00007f3079d22000,0x00007f3079e23000)]
  0x00007f3074232000 JavaThread "Signal Dispatcher" daemon [_thread_blocked, id=34266, stack(0x00007f307993a000,0x00007f3079a3b000)]
  0x00007f307427e800 JavaThread "Service Thread" daemon [_thread_blocked, id=34267, stack(0x00007f3079839000,0x00007f307993a000)]
  0x00007f30742c9000 JavaThread "C1 CompilerThread0" daemon [_thread_blocked, id=34268, stack(0x00007f3079738000,0x00007f3079839000)]
  0x00007f3074313800 JavaThread "Sweeper thread" daemon [_thread_blocked, id=34269, stack(0x00007f3079637000,0x00007f3079738000)]
  0x00007f30743bc800 JavaThread "Common-Cleaner" daemon [_thread_blocked, id=34270, stack(0x00007f307950a000,0x00007f307960b000)]
  0x00007f307465a800 JavaThread "Thread-0" [_thread_blocked, id=34275, stack(0x00007f3079308000,0x00007f3079409000)]
  0x00007f307471b000 JavaThread "Reference Reaper" daemon [_thread_blocked, id=34278, stack(0x00007f3078afe000,0x00007f3078bff000)]
  0x00007f3075394800 JavaThread "MSC service thread 1-1" [_thread_blocked, id=34279, stack(0x00007f30781a4000,0x00007f30782a5000)]
  0x00007f30753e0000 JavaThread "MSC service thread 1-2" [_thread_blocked, id=34280, stack(0x00007f30780a3000,0x00007f30781a4000)]
  0x00007f2eac014800 JavaThread "MSC service thread 1-3" [_thread_blocked, id=34281, stack(0x00007f2ee4cff000,0x00007f2ee4e00000)]
  0x00007f2ea4009800 JavaThread "MSC service thread 1-4" [_thread_blocked, id=34282, stack(0x00007f2ee4bfe000,0x00007f2ee4cff000)]
  0x00007f2ea4053800 JavaThread "MSC service thread 1-5" [_thread_blocked, id=34283, stack(0x00007f2ee4afd000,0x00007f2ee4bfe000)]
  0x00007f2ea4057800 JavaThread "MSC service thread 1-6" [_thread_blocked, id=34284, stack(0x00007f2ee49fc000,0x00007f2ee4afd000)]
=>0x00007f2ea409e000 JavaThread "MSC service thread 1-7" [_thread_in_vm, id=34285, stack(0x00007f2ee48fb000,0x00007f2ee49fc000)]
  0x00007f2ea40e7000 JavaThread "MSC service thread 1-8" [_thread_blocked, id=34286, stack(0x00007f2ee47fa000,0x00007f2ee48fb000)]
  0x00007f2e9018c000 JavaThread "Controller Boot Thread" [_thread_blocked, id=34287, stack(0x00007f2ee41f9000,0x00007f2ee43fa000)]
  0x00007f2ea0007000 JavaThread "ServerService Thread Pool -- 1" [_thread_blocked, id=34288, stack(0x00007f2ee40f8000,0x00007f2ee41f9000)]
  0x00007f2e8c047800 JavaThread "ServerService Thread Pool -- 2" [_thread_blocked, id=34289, stack(0x00007f2e87eff000,0x00007f2e88000000)]
  0x00007f2e8c09d800 JavaThread "ServerService Thread Pool -- 3" [_thread_blocked, id=34290, stack(0x00007f2e87dfe000,0x00007f2e87eff000)]
  0x00007f2e8c058000 JavaThread "ServerService Thread Pool -- 4" [_thread_blocked, id=34291, stack(0x00007f2e87cfd000,0x00007f2e87dfe000)]
  0x00007f2e8c049800 JavaThread "ServerService Thread Pool -- 5" [_thread_blocked, id=34292, stack(0x00007f2e87bfc000,0x00007f2e87cfd000)]
  0x00007f2e8c09f000 JavaThread "ServerService Thread Pool -- 6" [_thread_blocked, id=34293, stack(0x00007f2e87afb000,0x00007f2e87bfc000)]
  0x00007f2e8c060000 JavaThread "ServerService Thread Pool -- 7" [_thread_blocked, id=34294, stack(0x00007f2e879fa000,0x00007f2e87afb000)]
  0x00007f2e8c131000 JavaThread "ServerService Thread Pool -- 8" [_thread_blocked, id=34295, stack(0x00007f2e878f9000,0x00007f2e879fa000)]
  0x00007f2e8c0ad800 JavaThread "ServerService Thread Pool -- 9" [_thread_blocked, id=34296, stack(0x00007f2e877f8000,0x00007f2e878f9000)]
  0x00007f2e8c0ea800 JavaThread "ServerService Thread Pool -- 10" [_thread_blocked, id=34297, stack(0x00007f2e876f7000,0x00007f2e877f8000)]
  0x00007f2e8c139000 JavaThread "ServerService Thread Pool -- 11" [_thread_blocked, id=34298, stack(0x00007f2e875f6000,0x00007f2e876f7000)]
  0x00007f2e8c13a000 JavaThread "ServerService Thread Pool -- 12" [_thread_blocked, id=34299, stack(0x00007f2e874f5000,0x00007f2e875f6000)]
  0x00007f2e8c0f2800 JavaThread "ServerService Thread Pool -- 13" [_thread_blocked, id=34300, stack(0x00007f2e873f4000,0x00007f2e874f5000)]
  0x00007f2e8c12e000 JavaThread "ServerService Thread Pool -- 14" [_thread_blocked, id=34301, stack(0x00007f2e872f3000,0x00007f2e873f4000)]
  0x00007f2e8c259000 JavaThread "ServerService Thread Pool -- 15" [_thread_blocked, id=34302, stack(0x00007f2e871f2000,0x00007f2e872f3000)]
  0x00007f2e8c2d6800 JavaThread "ServerService Thread Pool -- 16" [_thread_blocked, id=34303, stack(0x00007f2e870f1000,0x00007f2e871f2000)]
  0x00007f2e8c29f000 JavaThread "ServerService Thread Pool -- 17" [_thread_blocked, id=34304, stack(0x00007f2e86ff0000,0x00007f2e870f1000)]
  0x00007f2e8c39d000 JavaThread "ServerService Thread Pool -- 18" [_thread_blocked, id=34305, stack(0x00007f2e86eef000,0x00007f2e86ff0000)]
  0x00007f2e8c363800 JavaThread "ServerService Thread Pool -- 19" [_thread_blocked, id=34306, stack(0x00007f2e86dee000,0x00007f2e86eef000)]
  0x00007f2e8c2dc000 JavaThread "ServerService Thread Pool -- 20" [_thread_blocked, id=34307, stack(0x00007f2e86ced000,0x00007f2e86dee000)]
  0x00007f2e8c2e0000 JavaThread "ServerService Thread Pool -- 21" [_thread_blocked, id=34308, stack(0x00007f2e86bec000,0x00007f2e86ced000)]
  0x00007f2e8c2e3800 JavaThread "ServerService Thread Pool -- 22" [_thread_blocked, id=34309, stack(0x00007f2e86aeb000,0x00007f2e86bec000)]
  0x00007f2e8c3da800 JavaThread "ServerService Thread Pool -- 23" [_thread_blocked, id=34310, stack(0x00007f2e869ea000,0x00007f2e86aeb000)]
  0x00007f2e8c29a000 JavaThread "ServerService Thread Pool -- 24" [_thread_blocked, id=34311, stack(0x00007f2e868e9000,0x00007f2e869ea000)]
  0x00007f2e8c0a9800 JavaThread "ServerService Thread Pool -- 25" [_thread_blocked, id=34312, stack(0x00007f2e865e8000,0x00007f2e866e9000)]
  0x00007f2e8c4b8800 JavaThread "ServerService Thread Pool -- 26" [_thread_blocked, id=34313, stack(0x00007f2e864e7000,0x00007f2e865e8000)]
  0x00007f2e8c2d9800 JavaThread "ServerService Thread Pool -- 27" [_thread_blocked, id=34314, stack(0x00007f2e863e6000,0x00007f2e864e7000)]
  0x00007f2e8c441000 JavaThread "ServerService Thread Pool -- 28" [_thread_blocked, id=34315, stack(0x00007f2e862e5000,0x00007f2e863e6000)]
  0x00007f2e8c6ec000 JavaThread "ServerService Thread Pool -- 29" [_thread_blocked, id=34316, stack(0x00007f2e861e4000,0x00007f2e862e5000)]
  0x00007f2e8c59f800 JavaThread "ServerService Thread Pool -- 30" [_thread_blocked, id=34317, stack(0x00007f2e860e3000,0x00007f2e861e4000)]
  0x00007f2e8c77c000 JavaThread "ServerService Thread Pool -- 31" [_thread_blocked, id=34318, stack(0x00007f2e85fe2000,0x00007f2e860e3000)]
  0x00007f2e8c35c800 JavaThread "ServerService Thread Pool -- 32" [_thread_blocked, id=34319, stack(0x00007f2e85ee1000,0x00007f2e85fe2000)]
  0x00007f2e8c5a2800 JavaThread "ServerService Thread Pool -- 33" [_thread_blocked, id=34320, stack(0x00007f2e85de0000,0x00007f2e85ee1000)]
  0x00007f2e8c59e800 JavaThread "ServerService Thread Pool -- 34" [_thread_blocked, id=34321, stack(0x00007f2e85cdf000,0x00007f2e85de0000)]
  0x00007f2e8c88c000 JavaThread "ServerService Thread Pool -- 35" [_thread_blocked, id=34322, stack(0x00007f2e85bde000,0x00007f2e85cdf000)]
  0x00007f2e8c8d6000 JavaThread "ServerService Thread Pool -- 36" [_thread_blocked, id=34323, stack(0x00007f2e85add000,0x00007f2e85bde000)]
  0x00007f2e8c355800 JavaThread "ServerService Thread Pool -- 37" [_thread_blocked, id=34324, stack(0x00007f2e859dc000,0x00007f2e85add000)]
  0x00007f2e8c6ab800 JavaThread "ServerService Thread Pool -- 38" [_thread_blocked, id=34325, stack(0x00007f2e858db000,0x00007f2e859dc000)]
  0x00007f2e8ca7c000 JavaThread "ServerService Thread Pool -- 39" [_thread_blocked, id=34326, stack(0x00007f2e84dda000,0x00007f2e84edb000)]
  0x00007f2e8cac5000 JavaThread "ServerService Thread Pool -- 40" [_thread_blocked, id=34327, stack(0x00007f2e84cd9000,0x00007f2e84dda000)]
  0x00007f2e8cad1800 JavaThread "ServerService Thread Pool -- 41" [_thread_blocked, id=34329, stack(0x00007f2e844d7000,0x00007f2e845d8000)]
  0x00007f2e8cb4a000 JavaThread "ServerService Thread Pool -- 42" [_thread_blocked, id=34330, stack(0x00007f2e843d6000,0x00007f2e844d7000)]
  0x00007f2e18192000 JavaThread "DeploymentScanner-threads - 1" [_thread_blocked, id=34332, stack(0x00007f2e841d4000,0x00007f2e842d5000)]
  0x00007f2dcc004000 JavaThread "DeploymentScanner-threads - 2" [_thread_blocked, id=34333, stack(0x00007f2e840d3000,0x00007f2e841d4000)]
  0x00007f2e8ca85800 JavaThread "ServerService Thread Pool -- 43" [_thread_blocked, id=34334, stack(0x00007f2dd3cff000,0x00007f2dd3e00000)]
  0x00007f2e9018f000 JavaThread "ServerService Thread Pool -- 44" [_thread_blocked, id=34335, stack(0x00007f2dd3bfe000,0x00007f2dd3cff000)]
  0x00007f2e94042000 JavaThread "management I/O-1" [_thread_in_native, id=34336, stack(0x00007f2dd3afd000,0x00007f2dd3bfe000)]
  0x00007f2e9408c000 JavaThread "management I/O-2" [_thread_in_native, id=34337, stack(0x00007f2dd39fc000,0x00007f2dd3afd000)]
  0x00007f2e94044000 JavaThread "management Accept" [_thread_in_native, id=34338, stack(0x00007f2dd38fb000,0x00007f2dd39fc000)]
  0x00007f2e8cb4d000 JavaThread "ServerService Thread Pool -- 45" [_thread_blocked, id=34339, stack(0x00007f2dd37fa000,0x00007f2dd38fb000)]
  0x00007f2e8cb52000 JavaThread "ServerService Thread Pool -- 46" [_thread_blocked, id=34340, stack(0x00007f2dd36f9000,0x00007f2dd37fa000)]
  0x00007f2e8cc00000 JavaThread "ServerService Thread Pool -- 47" [_thread_blocked, id=34341, stack(0x00007f2dd35f8000,0x00007f2dd36f9000)]
  0x00007f2e8cc02000 JavaThread "ServerService Thread Pool -- 48" [_thread_blocked, id=34342, stack(0x00007f2dd34f7000,0x00007f2dd35f8000)]
  0x00007f2e8cb50000 JavaThread "ServerService Thread Pool -- 49" [_thread_blocked, id=34343, stack(0x00007f2dd33f6000,0x00007f2dd34f7000)]
  0x00007f2e8cbfa000 JavaThread "ServerService Thread Pool -- 50" [_thread_blocked, id=34344, stack(0x00007f2dd32f5000,0x00007f2dd33f6000)]
  0x00007f2e8ccc5800 JavaThread "ServerService Thread Pool -- 51" [_thread_blocked, id=34345, stack(0x00007f2dd31f4000,0x00007f2dd32f5000)]
  0x00007f2e8ccc1800 JavaThread "ServerService Thread Pool -- 52" [_thread_blocked, id=34346, stack(0x00007f2dd2ef3000,0x00007f2dd2ff4000)]
  0x00007f2e8cd4a000 JavaThread "ServerService Thread Pool -- 53" [_thread_blocked, id=34347, stack(0x00007f2dd2df2000,0x00007f2dd2ef3000)]
  0x00007f2e8cc83800 JavaThread "ServerService Thread Pool -- 54" [_thread_blocked, id=34348, stack(0x00007f2dd2cf1000,0x00007f2dd2df2000)]
  0x00007f2e8ce0a800 JavaThread "ServerService Thread Pool -- 55" [_thread_blocked, id=34349, stack(0x00007f2dd2bf0000,0x00007f2dd2cf1000)]
  0x00007f2e8cd4d000 JavaThread "ServerService Thread Pool -- 56" [_thread_blocked, id=34350, stack(0x00007f2dd2aef000,0x00007f2dd2bf0000)]
  0x00007f2e8cd84000 JavaThread "ServerService Thread Pool -- 57" [_thread_blocked, id=34351, stack(0x00007f2dd29ee000,0x00007f2dd2aef000)]
  0x00007f2e8cd87000 JavaThread "ServerService Thread Pool -- 58" [_thread_blocked, id=34352, stack(0x00007f2dd28ed000,0x00007f2dd29ee000)]
  0x00007f2e8cb53000 JavaThread "ServerService Thread Pool -- 59" [_thread_blocked, id=34353, stack(0x00007f2dd27ec000,0x00007f2dd28ed000)]
  0x00007f2e8ce14800 JavaThread "ServerService Thread Pool -- 60" [_thread_blocked, id=34354, stack(0x00007f2dd26eb000,0x00007f2dd27ec000)]
  0x00007f2e8cebd000 JavaThread "ServerService Thread Pool -- 61" [_thread_blocked, id=34355, stack(0x00007f2dd25ea000,0x00007f2dd26eb000)]
  0x00007f2e8cf42000 JavaThread "ServerService Thread Pool -- 62" [_thread_blocked, id=34356, stack(0x00007f2dd24e9000,0x00007f2dd25ea000)]
  0x00007f2e8cfb7800 JavaThread "ServerService Thread Pool -- 63" [_thread_blocked, id=34357, stack(0x00007f2dd23e8000,0x00007f2dd24e9000)]
  0x00007f2e8d030000 JavaThread "ServerService Thread Pool -- 64" [_thread_blocked, id=34358, stack(0x00007f2dd22e7000,0x00007f2dd23e8000)]
  0x00007f2e8cefb800 JavaThread "ServerService Thread Pool -- 65" [_thread_blocked, id=34359, stack(0x00007f2dd21e6000,0x00007f2dd22e7000)]
  0x00007f2e8ce4c800 JavaThread "ServerService Thread Pool -- 66" [_thread_blocked, id=34360, stack(0x00007f2dd20e5000,0x00007f2dd21e6000)]
  0x00007f2e8ce0c800 JavaThread "ServerService Thread Pool -- 67" [_thread_blocked, id=34361, stack(0x00007f2dd1fe4000,0x00007f2dd20e5000)]
  0x00007f2e8d17a000 JavaThread "ServerService Thread Pool -- 68" [_thread_blocked, id=34362, stack(0x00007f2dd1ee3000,0x00007f2dd1fe4000)]
  0x00007f2e8d0b3800 JavaThread "ServerService Thread Pool -- 69" [_thread_blocked, id=34363, stack(0x00007f2dd1de2000,0x00007f2dd1ee3000)]
  0x00007f2e8cc87800 JavaThread "ServerService Thread Pool -- 70" [_thread_blocked, id=34364, stack(0x00007f2dd1ce1000,0x00007f2dd1de2000)]
  0x00007f2e8d11e800 JavaThread "ServerService Thread Pool -- 71" [_thread_blocked, id=34365, stack(0x00007f2dd1be0000,0x00007f2dd1ce1000)]
  0x00007f2e8cdc5800 JavaThread "ServerService Thread Pool -- 72" [_thread_blocked, id=34366, stack(0x00007f2dd1adf000,0x00007f2dd1be0000)]
  0x00007f2e8d071800 JavaThread "ServerService Thread Pool -- 73" [_thread_blocked, id=34367, stack(0x00007f2dd19de000,0x00007f2dd1adf000)]
  0x00007f2e8d208800 JavaThread "ServerService Thread Pool -- 74" [_thread_blocked, id=34368, stack(0x00007f2dd18dd000,0x00007f2dd19de000)]
  0x00007f2e8d2c1800 JavaThread "ServerService Thread Pool -- 75" [_thread_blocked, id=34369, stack(0x00007f2dd17dc000,0x00007f2dd18dd000)]
  0x00007f2e8d283000 JavaThread "ServerService Thread Pool -- 76" [_thread_blocked, id=34370, stack(0x00007f2dd16db000,0x00007f2dd17dc000)]
  0x00007f2e8d2ce800 JavaThread "ServerService Thread Pool -- 77" [_thread_blocked, id=34371, stack(0x00007f2dd15da000,0x00007f2dd16db000)]
  0x00007f2e8d287000 JavaThread "ServerService Thread Pool -- 78" [_thread_blocked, id=34372, stack(0x00007f2dd14d9000,0x00007f2dd15da000)]
  0x00007f2e8d02d000 JavaThread "ServerService Thread Pool -- 79" [_thread_blocked, id=34373, stack(0x00007f2dd13d8000,0x00007f2dd14d9000)]
  0x00007f2e8cf49800 JavaThread "ServerService Thread Pool -- 80" [_thread_blocked, id=34374, stack(0x00007f2dd12d7000,0x00007f2dd13d8000)]
  0x00007f2e8d11d800 JavaThread "ServerService Thread Pool -- 81" [_thread_blocked, id=34375, stack(0x00007f2dd11d6000,0x00007f2dd12d7000)]
  0x00007f2e8d30e800 JavaThread "ServerService Thread Pool -- 82" [_thread_blocked, id=34376, stack(0x00007f2dd10d5000,0x00007f2dd11d6000)]
  0x00007f2e8cc82800 JavaThread "ServerService Thread Pool -- 83" [_thread_blocked, id=34377, stack(0x00007f2dd0fd4000,0x00007f2dd10d5000)]
  0x00007f2e9c0a3000 JavaThread "default I/O-1" [_thread_in_native, id=34378, stack(0x00007f2dd0cd3000,0x00007f2dd0dd4000)]
  0x00007f2e9c0ed800 JavaThread "default I/O-2" [_thread_in_native, id=34379, stack(0x00007f2dd0bd2000,0x00007f2dd0cd3000)]
  0x00007f2e9c138000 JavaThread "default I/O-3" [_thread_in_native, id=34380, stack(0x00007f2dd0ad1000,0x00007f2dd0bd2000)]
  0x00007f2e9c0f1800 JavaThread "default I/O-4" [_thread_in_native, id=34381, stack(0x00007f2dd09d0000,0x00007f2dd0ad1000)]
  0x00007f2e9c13c000 JavaThread "default I/O-5" [_thread_in_native, id=34382, stack(0x00007f2dd08cf000,0x00007f2dd09d0000)]
  0x00007f2e9c20e000 JavaThread "default I/O-6" [_thread_in_native, id=34383, stack(0x00007f2dd07ce000,0x00007f2dd08cf000)]
  0x00007f2e9c1cb800 JavaThread "default I/O-7" [_thread_in_native, id=34384, stack(0x00007f2dd06cd000,0x00007f2dd07ce000)]
  0x00007f2e9c212000 JavaThread "default I/O-8" [_thread_in_native, id=34385, stack(0x00007f2dd05cc000,0x00007f2dd06cd000)]
  0x00007f2e9c2e5800 JavaThread "default I/O-9" [_thread_in_native, id=34386, stack(0x00007f2dd04cb000,0x00007f2dd05cc000)]
  0x00007f2e9c32c000 JavaThread "default I/O-10" [_thread_in_native, id=34387, stack(0x00007f2dd03ca000,0x00007f2dd04cb000)]
  0x00007f2e9c373800 JavaThread "default I/O-11" [_thread_in_native, id=34388, stack(0x00007f2dd02c9000,0x00007f2dd03ca000)]
  0x00007f2e9c32e000 JavaThread "default I/O-12" [_thread_in_native, id=34389, stack(0x00007f2dd01c8000,0x00007f2dd02c9000)]
  0x00007f2e9c377800 JavaThread "default I/O-13" [_thread_in_native, id=34390, stack(0x00007f2dd00c7000,0x00007f2dd01c8000)]
  0x00007f2e9c3c0000 JavaThread "default I/O-14" [_thread_in_native, id=34391, stack(0x00007f2ce7eff000,0x00007f2ce8000000)]
  0x00007f2e9c407800 JavaThread "default I/O-15" [_thread_in_native, id=34392, stack(0x00007f2ce7dfe000,0x00007f2ce7eff000)]
  0x00007f2e9c44f000 JavaThread "default I/O-16" [_thread_in_native, id=34393, stack(0x00007f2ce7cfd000,0x00007f2ce7dfe000)]
  0x00007f2e9c496000 JavaThread "default I/O-17" [_thread_in_native, id=34394, stack(0x00007f2ce7bfc000,0x00007f2ce7cfd000)]
  0x00007f2e9c569000 JavaThread "default I/O-18" [_thread_in_native, id=34395, stack(0x00007f2ce7afb000,0x00007f2ce7bfc000)]
  0x00007f2e9c525000 JavaThread "default I/O-19" [_thread_in_native, id=34396, stack(0x00007f2ce79fa000,0x00007f2ce7afb000)]
  0x00007f2e9c5f7800 JavaThread "default I/O-20" [_thread_in_native, id=34397, stack(0x00007f2ce78f9000,0x00007f2ce79fa000)]
  0x00007f2e9c5b4800 JavaThread "default I/O-21" [_thread_in_native, id=34398, stack(0x00007f2ce77f8000,0x00007f2ce78f9000)]
  0x00007f2e9c5fb000 JavaThread "default I/O-22" [_thread_in_native, id=34399, stack(0x00007f2ce76f7000,0x00007f2ce77f8000)]
  0x00007f2e9c643800 JavaThread "default I/O-23" [_thread_in_native, id=34400, stack(0x00007f2ce75f6000,0x00007f2ce76f7000)]
  0x00007f2e9c68b000 JavaThread "default I/O-24" [_thread_in_native, id=34401, stack(0x00007f2ce74f5000,0x00007f2ce75f6000)]
  0x00007f2e9c6d2000 JavaThread "default I/O-25" [_thread_in_native, id=34402, stack(0x00007f2ce73f4000,0x00007f2ce74f5000)]
  0x00007f2e9c71a000 JavaThread "default I/O-26" [_thread_in_native, id=34403, stack(0x00007f2ce72f3000,0x00007f2ce73f4000)]
  0x00007f2e9c761000 JavaThread "default I/O-27" [_thread_in_native, id=34404, stack(0x00007f2ce71f2000,0x00007f2ce72f3000)]
  0x00007f2e9c833800 JavaThread "default I/O-28" [_thread_in_native, id=34405, stack(0x00007f2ce70f1000,0x00007f2ce71f2000)]
  0x00007f2e9c87a800 JavaThread "default I/O-29" [_thread_in_native, id=34406, stack(0x00007f2ce6ff0000,0x00007f2ce70f1000)]
  0x00007f2e9c8c2000 JavaThread "default I/O-30" [_thread_in_native, id=34407, stack(0x00007f2ce6eef000,0x00007f2ce6ff0000)]
  0x00007f2e9c909800 JavaThread "default I/O-31" [_thread_in_native, id=34408, stack(0x00007f2ce6dee000,0x00007f2ce6eef000)]
  0x00007f2e9c8c5800 JavaThread "default I/O-32" [_thread_in_native, id=34409, stack(0x00007f2ce6ced000,0x00007f2ce6dee000)]
  0x00007f2e9c90d800 JavaThread "default I/O-33" [_thread_in_native, id=34410, stack(0x00007f2ce6bec000,0x00007f2ce6ced000)]
  0x00007f2e9c9df800 JavaThread "default I/O-34" [_thread_in_native, id=34411, stack(0x00007f2ce6aeb000,0x00007f2ce6bec000)]
  0x00007f2e9ca26800 JavaThread "default I/O-35" [_thread_in_native, id=34412, stack(0x00007f2ce69ea000,0x00007f2ce6aeb000)]
  0x00007f2e9c9e3000 JavaThread "default I/O-36" [_thread_in_native, id=34413, stack(0x00007f2ce68e9000,0x00007f2ce69ea000)]
  0x00007f2e9ca2a800 JavaThread "default I/O-37" [_thread_in_native, id=34414, stack(0x00007f2ce67e8000,0x00007f2ce68e9000)]
  0x00007f2e9cafc000 JavaThread "default I/O-38" [_thread_in_native, id=34415, stack(0x00007f2ce66e7000,0x00007f2ce67e8000)]
  0x00007f2e9cb44800 JavaThread "default I/O-39" [_thread_in_native, id=34416, stack(0x00007f2ce65e6000,0x00007f2ce66e7000)]
  0x00007f2e9cafe000 JavaThread "default I/O-40" [_thread_in_native, id=34417, stack(0x00007f2ce64e5000,0x00007f2ce65e6000)]
  0x00007f2e9cb46000 JavaThread "default I/O-41" [_thread_in_native, id=34418, stack(0x00007f2ce63e4000,0x00007f2ce64e5000)]
  0x00007f2e9cb8d800 JavaThread "default I/O-42" [_thread_in_native, id=34419, stack(0x00007f2ce62e3000,0x00007f2ce63e4000)]
  0x00007f2e9cbd6800 JavaThread "default I/O-43" [_thread_in_native, id=34420, stack(0x00007f2ce61e2000,0x00007f2ce62e3000)]
  0x00007f2e9cca9000 JavaThread "default I/O-44" [_thread_blocked, id=34421, stack(0x00007f2ce60e1000,0x00007f2ce61e2000)]
  0x00007f2e9cc65800 JavaThread "default I/O-45" [_thread_in_native, id=34422, stack(0x00007f2ce5fe0000,0x00007f2ce60e1000)]
  0x00007f2e9ccad000 JavaThread "default I/O-46" [_thread_in_native, id=34423, stack(0x00007f2ce5edf000,0x00007f2ce5fe0000)]
  0x00007f2e9cd7e800 JavaThread "default I/O-47" [_thread_in_native, id=34424, stack(0x00007f2ce5dde000,0x00007f2ce5edf000)]
  0x00007f2e9cd3b800 JavaThread "default I/O-48" [_thread_in_native, id=34425, stack(0x00007f2ce5cdd000,0x00007f2ce5dde000)]
  0x00007f2e9cd82800 JavaThread "default I/O-49" [_thread_in_native, id=34426, stack(0x00007f2ce5bdc000,0x00007f2ce5cdd000)]
  0x00007f2e9cdca800 JavaThread "default I/O-50" [_thread_in_native, id=34427, stack(0x00007f2ce5adb000,0x00007f2ce5bdc000)]
  0x00007f2e9ce9b800 JavaThread "default Accept" [_thread_in_native, id=34428, stack(0x00007f2ce59da000,0x00007f2ce5adb000)]
  0x00007f2e98010000 JavaThread "Timer-0" [_thread_blocked, id=34429, stack(0x00007f2ce58d9000,0x00007f2ce59da000)]
  0x00007f2e9805b000 JavaThread "ConnectionValidator" daemon [_thread_blocked, id=34430, stack(0x00007f2ce55d8000,0x00007f2ce56d9000)]
  0x00007f2eac024000 JavaThread "IdleRemover" daemon [_thread_blocked, id=34431, stack(0x00007f2ce54d7000,0x00007f2ce55d8000)]
  0x00007f2e980b4800 JavaThread "Timer-1" [_thread_blocked, id=34432, stack(0x00007f2ce4fd6000,0x00007f2ce50d7000)]
  0x00007f2e9cf3c000 JavaThread "XNIO-1 I/O-1" daemon [_thread_in_native, id=34433, stack(0x00007f2ce4ad5000,0x00007f2ce4bd6000)]
  0x00007f2e9cf8e800 JavaThread "XNIO-1 Accept" daemon [_thread_in_native, id=34434, stack(0x00007f2ce49d4000,0x00007f2ce4ad5000)]
  0x00007f2e9815e000 JavaThread "Transaction Expired Entry Monitor" daemon [_thread_blocked, id=34435, stack(0x00007f2ce44d3000,0x00007f2ce45d4000)]
  0x00007f2e98161000 JavaThread "Periodic Recovery" [_thread_blocked, id=34436, stack(0x00007f2ce43d2000,0x00007f2ce44d3000)]
  0x00007f2e9025e800 JavaThread "Transaction Reaper" daemon [_thread_blocked, id=34437, stack(0x00007f2ce42d1000,0x00007f2ce43d2000)]
  0x00007f2e902ad800 JavaThread "Transaction Reaper Worker 0" daemon [_thread_blocked, id=34438, stack(0x00007f2ce41d0000,0x00007f2ce42d1000)]
  0x00007f2e941da000 JavaThread "ORB Run Thread" [_thread_blocked, id=34439, stack(0x00007f2ce40cf000,0x00007f2ce41d0000)]
  0x00007f2ea00c6000 JavaThread "SelectorThread" daemon [_thread_blocked, id=34440, stack(0x00007f2c23aff000,0x00007f2c23c00000)]
  0x00007f2ec8089800 JavaThread "C1 CompilerThread1" daemon [_thread_blocked, id=34441, stack(0x00007f3079409000,0x00007f307950a000)]
  0x00007f2e9422a000 JavaThread "Reference Reaper #1" daemon [_thread_blocked, id=34442, stack(0x00007f3078f05000,0x00007f3079006000)]
  0x00007f2e94275000 JavaThread "Reference Reaper #2" daemon [_thread_blocked, id=34443, stack(0x00007f3078dff000,0x00007f3078f00000)]
  0x00007f2e942be800 JavaThread "Reference Reaper #3" daemon [_thread_blocked, id=34444, stack(0x00007f2e849d8000,0x00007f2e84ad9000)]
  0x00007f2e8807b000 JavaThread "ServerService Thread Pool -- 84" [_thread_blocked, id=34445, stack(0x00007f2e842d5000,0x00007f2e843d6000)]
  0x00007f2dd8026000 JavaThread "Thread-0 (-scheduled-threads)" [_thread_blocked, id=34446, stack(0x00007f2c237fe000,0x00007f2c238ff000)]

Other Threads:
  0x00007f307402f800 VMThread "VM Thread" [stack: 0x00007f3079f26000,0x00007f307a026000] [id=34263]
  0x00007f30744d9800 WatcherThread [stack: 0x00007f3079208000,0x00007f3079308000] [id=34273]

Threads with active compile tasks:

VM state:synchronizing (normal execution)

VM Mutex/Monitor currently owned by a thread:  ([mutex/lock_event])
[0x00007f3074023f20] Threads_lock - owner thread: 0x00007f307402f800

Heap address: 0x0000000300000000, size: 20480 MB, Compressed Oops mode: Zero based, Oop shift amount: 3
Narrow klass base: 0x0000000800000000, Narrow klass shift: 0
Compressed class space size: 1073741824 Address: 0x0000000800000000

Heap:
Epsilon Heap
Allocation space:
 Metaspace       used 77155K, capacity 86373K, committed 86548K, reserved 1124352K
  class space    used 9439K, capacity 12439K, committed 12460K, reserved 1048576K


Polling page: 0x00007f307c1e1000

Metaspace:

Usage:
  Non-class:     72.20 MB capacity,    66.13 MB ( 92%) used,     5.84 MB (  8%) free+waste,   237.31 KB ( <1%) overhead. 
      Class:     12.15 MB capacity,     9.22 MB ( 76%) used,     2.80 MB ( 23%) free+waste,   137.06 KB (  1%) overhead. 
       Both:     84.35 MB capacity,    75.35 MB ( 89%) used,     8.64 MB ( 10%) free+waste,   374.38 KB ( <1%) overhead. 

Virtual space:
  Non-class space:       74.00 MB reserved,      72.35 MB ( 98%) committed 
      Class space:        1.00 GB reserved,      12.17 MB (  1%) committed 
             Both:        1.07 GB reserved,      84.52 MB (  8%) committed 

Chunk freelists:
   Non-Class:  86.00 KB
       Class:  9.00 KB
        Both:  95.00 KB

MaxMetaspaceSize: unlimited
CompressedClassSpaceSize: 1.00 GB
Initial GC threshold: 20.80 MB
Current GC threshold: 84.67 MB
CDS: off

CodeHeap 'non-profiled nmethods': size=116940Kb used=703Kb max_used=703Kb free=116236Kb
 bounds [0x00007f306cdcd000, 0x00007f306d03d000, 0x00007f3074000000]
CodeHeap 'profiled nmethods': size=116940Kb used=13407Kb max_used=13407Kb free=103532Kb
 bounds [0x00007f3065b9a000, 0x00007f30668ba000, 0x00007f306cdcd000]
CodeHeap 'non-nmethods': size=11880Kb used=1959Kb max_used=4151Kb free=9920Kb
 bounds [0x00007f3065000000, 0x00007f3065460000, 0x00007f3065b9a000]
 total_blobs=5730 nmethods=4999 adapters=660
 compilation: enabled
              stopped_count=0, restarted_count=0
 full_count=0

Compilation events (20 events):
Event: 14.223 Thread 0x00007f30742c9000 nmethod 4993 0x00007f306ce7cc10 code [0x00007f306ce7cdc0, 0x00007f306ce7ce70]
Event: 14.225 Thread 0x00007f2ec8089800 nmethod 4994 0x00007f30668aa210 code [0x00007f30668aa5c0, 0x00007f30668abd10]
Event: 14.225 Thread 0x00007f30742c9000 4996   !   3       org.jboss.vfs.VFSUtils::safeClose (26 bytes)
Event: 14.226 Thread 0x00007f30742c9000 nmethod 4996 0x00007f30668ac490 code [0x00007f30668ac680, 0x00007f30668acb70]
Event: 14.226 Thread 0x00007f2ec8089800 4997   !   3       java.io.FileOutputStream::close (69 bytes)
Event: 14.227 Thread 0x00007f2ec8089800 nmethod 4997 0x00007f30668acd90 code [0x00007f30668acf80, 0x00007f30668ad570]
Event: 14.239 Thread 0x00007f30742c9000 4998       3       java.time.LocalDate::plusDays (170 bytes)
Event: 14.240 Thread 0x00007f2ec8089800 4999       3       java.time.LocalTime::toNanoOfDay (44 bytes)
Event: 14.241 Thread 0x00007f30742c9000 nmethod 4998 0x00007f30668ad710 code [0x00007f30668ad9c0, 0x00007f30668ae950]
Event: 14.241 Thread 0x00007f2ec8089800 nmethod 4999 0x00007f30668aee10 code [0x00007f30668aefc0, 0x00007f30668af110]
Event: 14.241 Thread 0x00007f30742c9000 5000       3       java.time.LocalDateTime::with (28 bytes)
Event: 14.241 Thread 0x00007f30742c9000 nmethod 5000 0x00007f30668af190 code [0x00007f30668af360, 0x00007f30668af670]
Event: 14.244 Thread 0x00007f2ec8089800 5001       3       java.util.logging.Logger::demandLogger (36 bytes)
Event: 14.244 Thread 0x00007f30742c9000 5002       3       java.util.logging.LogManager::demandLogger (23 bytes)
Event: 14.244 Thread 0x00007f30742c9000 nmethod 5002 0x00007f30668af790 code [0x00007f30668af960, 0x00007f30668afb80]
Event: 14.244 Thread 0x00007f30742c9000 5003       3       java.util.logging.LogManager::demandLogger (53 bytes)
Event: 14.245 Thread 0x00007f30742c9000 nmethod 5003 0x00007f30668afc90 code [0x00007f30668afe80, 0x00007f30668b0450]
Event: 14.245 Thread 0x00007f2ec8089800 nmethod 5001 0x00007f30668b0610 code [0x00007f30668b0860, 0x00007f30668b1250]
Event: 14.246 Thread 0x00007f30742c9000 5004       3       org.jboss.vfs.util.PathTokenizer::getTokens (30 bytes)
Event: 14.247 Thread 0x00007f30742c9000 nmethod 5004 0x00007f30668b1510 code [0x00007f30668b1700, 0x00007f30668b1b70]

GC Heap History (0 events):
No events

Deoptimization events (4 events):
Event: 11.868 Thread 0x00007f2e8cf49800 DEOPT PACKING pc=0x00007f306639c51c sp=0x00007f2dd13d59d0
Event: 11.868 Thread 0x00007f2e8cf49800 DEOPT UNPACKING pc=0x00007f306504a62b sp=0x00007f2dd13d4f20 mode 0
Event: 12.541 Thread 0x00007f2e8d30e800 DEOPT PACKING pc=0x00007f30662fbfc4 sp=0x00007f2dd11d1f20
Event: 12.542 Thread 0x00007f2e8d30e800 DEOPT UNPACKING pc=0x00007f306504a62b sp=0x00007f2dd11d1450 mode 0

Classes redefined (0 events):
No events

Internal exceptions (20 events):
Event: 12.062 Thread 0x00007f2ea409e000 Exception <a 'java/lang/LinkageError'{0x000000031a97ee10}: loader 'org.wildfly.security.elytron-base@1.19.1.Final' @37f1104d attempted duplicate class definition for org.wildfly.security.ssl.SSLUtils. (org.wildfly.security.ssl.SSLUtils is in unnamed module of loader 'org.wildfly.security.elytron-base@1.19.1.Final' @37f1104d, parent loader 'app')> (0x000000031a97ee10) thrown at [src/hotspot/share/classfile/systemDictionary.cpp, line 2260]
Event: 12.062 Thread 0x00007f2ea409e000 Exception <a 'java/lang/LinkageError'{0x000000031a97ee10}> (0x000000031a97ee10) thrown at [src/hotspot/share/classfile/systemDictionary.cpp, line 1829]
Event: 12.072 Thread 0x00007f2ea4053800 Exception <a 'java/lang/NoSuchMethodError'{0x000000031b2fa270}: 'java.lang.Object java.lang.invoke.DirectMethodHandle$Holder.invokeStaticInit(java.lang.Object, int, java.lang.Object, java.lang.Object, java.lang.Object, java.lang.Object, java.lang.Object)'> (0x000000031b2fa270) thrown at [src/hotspot/share/interpreter/linkResolver.cpp, line 772]
Event: 12.075 Thread 0x00007f2ea409e000 Exception <a 'java/lang/LinkageError'{0x000000031a97ee88}: loader 'org.wildfly.security.elytron-base@1.19.1.Final' @37f1104d attempted duplicate class definition for org.wildfly.security.sasl.util.AuthenticationTimeoutSaslServerFactory. (org.wildfly.security.sasl.util.AuthenticationTimeoutSaslServerFactory is in unnamed module of loader 'org.wildfly.security.elytron-base@1.19.1.Final' @37f1104d, parent loader 'app')> (0x000000031a97ee88) thrown at [src/hotspot/share/classfile/systemDictionary.cpp, line 226
Event: 12.075 Thread 0x00007f2ea409e000 Exception <a 'java/lang/LinkageError'{0x000000031a97ee88}> (0x000000031a97ee88) thrown at [src/hotspot/share/classfile/systemDictionary.cpp, line 1829]
Event: 12.076 Thread 0x00007f2ea4009800 Exception <a 'java/lang/LinkageError'{0x00000003195deca8}: loader 'org.wildfly.security.elytron-base@1.19.1.Final' @37f1104d attempted duplicate class definition for org.wildfly.security.auth.server.SecurityDomain$ScheduledExecutorServiceProvider. (org.wildfly.security.auth.server.SecurityDomain$ScheduledExecutorServiceProvider is in unnamed module of loader 'org.wildfly.security.elytron-base@1.19.1.Final' @37f1104d, parent loader 'app')> (0x00000003195deca8) thrown at [src/hotspot/share/classfile/systemDi
Event: 12.076 Thread 0x00007f2ea4009800 Exception <a 'java/lang/LinkageError'{0x00000003195deca8}> (0x00000003195deca8) thrown at [src/hotspot/share/classfile/systemDictionary.cpp, line 1829]
Event: 12.107 Thread 0x00007f2e8cd87000 Exception <a 'java/lang/NoSuchMethodError'{0x000000031befe168}: 'void java.lang.invoke.DirectMethodHandle$Holder.invokeSpecialIFC(java.lang.Object, java.lang.Object, java.lang.Object, java.lang.Object)'> (0x000000031befe168) thrown at [src/hotspot/share/interpreter/linkResolver.cpp, line 772]
Event: 12.107 Thread 0x00007f2ea40e7000 Exception <a 'java/lang/NoSuchMethodError'{0x000000031beed0c0}: 'java.lang.Object java.lang.invoke.DirectMethodHandle$Holder.invokeStatic(java.lang.Object, java.lang.Object, java.lang.Object, java.lang.Object, java.lang.Object, java.lang.Object, java.lang.Object, java.lang.Object, int, int, int, int, int, int, int, int, java.lang.Object)'> (0x000000031beed0c0) thrown at [src/hotspot/share/interpreter/linkResolver.cpp, line 772]
Event: 12.150 Thread 0x00007f2e8cd4a000 Exception <a 'java/lang/NoSuchMethodError'{0x000000031b7edc00}: 'java.lang.Object java.lang.invoke.DirectMethodHandle$Holder.newInvokeSpecial(java.lang.Object, java.lang.Object, java.lang.Object, java.lang.Object)'> (0x000000031b7edc00) thrown at [src/hotspot/share/interpreter/linkResolver.cpp, line 772]
Event: 12.195 Thread 0x00007f3074027800 Exception <a 'java/net/ConnectException'{0x0000000308241ab8}> (0x0000000308241ab8) thrown at [src/hotspot/share/prims/jni.cpp, line 617]
Event: 12.299 Thread 0x00007f2ea409e000 Exception <a 'java/lang/ClassNotFoundException'{0x000000031beeb338}: sun/net/www/protocol/corbaloc/Handler> (0x000000031beeb338) thrown at [src/hotspot/share/classfile/systemDictionary.cpp, line 238]
Event: 12.416 Thread 0x00007f2ea4009800 Exception <a 'java/io/FileNotFoundException'{0x000000031dd8bc98}> (0x000000031dd8bc98) thrown at [src/hotspot/share/prims/jni.cpp, line 617]
Event: 12.645 Thread 0x00007f2ea4009800 Exception <a 'java/lang/LinkageError'{0x000000031dd9a658}: loader 'org.glassfish.javax.enterprise.concurrent' @3a12d26e attempted duplicate abstract class definition for org.glassfish.enterprise.concurrent.AbstractManagedExecutorService. (org.glassfish.enterprise.concurrent.AbstractManagedExecutorService is in unnamed module of loader 'org.glassfish.javax.enterprise.concurrent' @3a12d26e, parent loader 'app')> (0x000000031dd9a658) thrown at [src/hotspot/share/classfile/systemDictionary.cpp, line 2260]
Event: 12.645 Thread 0x00007f2ea4009800 Exception <a 'java/lang/LinkageError'{0x000000031dd9a658}> (0x000000031dd9a658) thrown at [src/hotspot/share/classfile/systemDictionary.cpp, line 1829]
Event: 12.939 Thread 0x00007f2ea409e000 Exception <a 'java/lang/LinkageError'{0x000000031fbc9768}: loader 'javax.orb.api@8.1.7.Final' @54229620 attempted duplicate class definition for com.sun.corba.se.impl.oa.poa.IdAssignmentPolicyImpl. (com.sun.corba.se.impl.oa.poa.IdAssignmentPolicyImpl is in unnamed module of loader 'javax.orb.api@8.1.7.Final' @54229620, parent loader 'app')> (0x000000031fbc9768) thrown at [src/hotspot/share/classfile/systemDictionary.cpp, line 2260]
Event: 12.939 Thread 0x00007f2ea409e000 Exception <a 'java/lang/LinkageError'{0x000000031fbc9768}> (0x000000031fbc9768) thrown at [src/hotspot/share/classfile/systemDictionary.cpp, line 1829]
Event: 13.807 Thread 0x00007f2ea4053800 Exception <a 'java/lang/UnsatisfiedLinkError'{0x000000031f999f00}> (0x000000031f999f00) thrown at [src/hotspot/share/prims/jvm.cpp, line 3470]
Event: 13.807 Thread 0x00007f2ea4053800 Exception <a 'java/lang/UnsatisfiedLinkError'{0x000000031f999f00}> (0x000000031f999f00) thrown at [src/hotspot/share/prims/jni.cpp, line 617]
Event: 13.825 Thread 0x00007f2ea4053800 Exception <a 'java/lang/NoSuchMethodError'{0x000000031f99b210}: 'java.lang.Object java.lang.invoke.DirectMethodHandle$Holder.invokeInterface(java.lang.Object, java.lang.Object, java.lang.Object)'> (0x000000031f99b210) thrown at [src/hotspot/share/interpreter/linkResolver.cpp, line 772]

Events (20 events):
Event: 14.132 loading class javax/security/cert/Certificate
Event: 14.132 loading class javax/security/cert/Certificate done
Event: 14.132 loading class javax/security/cert/X509Certificate done
Event: 14.134 Executing VM operation: CollectForMetadataAllocation
Event: 14.135 Executing VM operation: CollectForMetadataAllocation done
Event: 14.141 Executing VM operation: Deoptimize
Event: 14.143 Executing VM operation: Deoptimize done
Event: 14.152 Executing VM operation: RevokeBias
Event: 14.152 Executing VM operation: RevokeBias done
Event: 14.161 Executing VM operation: CollectForMetadataAllocation
Event: 14.161 Executing VM operation: CollectForMetadataAllocation done
Event: 14.203 loading class java/util/concurrent/atomic/AtomicReferenceArray
Event: 14.203 loading class java/util/concurrent/atomic/AtomicReferenceArray done
Event: 14.204 loading class java/lang/invoke/VarHandleObjects$Array
Event: 14.204 loading class java/lang/invoke/VarHandleObjects$Array done
Event: 14.209 Executing VM operation: CollectForMetadataAllocation
Event: 14.210 Executing VM operation: CollectForMetadataAllocation done
Event: 14.233 Executing VM operation: CollectForMetadataAllocation
Event: 14.233 Executing VM operation: CollectForMetadataAllocation done
Event: 14.264 Executing VM operation: RevokeBias


Dynamic libraries:
300000000-800000000 rw-s 00000000 00:05 493                              /dev/fakeblk
800000000-800c2b000 rw-p 00000000 00:00 0 
800c2b000-840000000 ---p 00000000 00:00 0 
560579426000-560579427000 r--p 00000000 fe:01 575715                     /home/adam/jdk11u/build/linux-x86_64-normal-server-release/jdk/bin/java
560579427000-560579428000 r-xp 00001000 fe:01 575715                     /home/adam/jdk11u/build/linux-x86_64-normal-server-release/jdk/bin/java
560579428000-560579429000 r--p 00002000 fe:01 575715                     /home/adam/jdk11u/build/linux-x86_64-normal-server-release/jdk/bin/java
560579429000-56057942a000 r--p 00002000 fe:01 575715                     /home/adam/jdk11u/build/linux-x86_64-normal-server-release/jdk/bin/java
56057942a000-56057942b000 rw-p 00003000 fe:01 575715                     /home/adam/jdk11u/build/linux-x86_64-normal-server-release/jdk/bin/java
56057aeb8000-56057aed9000 rw-p 00000000 00:00 0                          [heap]
7f2c08000000-7f2c08021000 rw-p 00000000 00:00 0 
7f2c08021000-7f2c0c000000 ---p 00000000 00:00 0 
7f2c0c000000-7f2c0c021000 rw-p 00000000 00:00 0 
7f2c0c021000-7f2c10000000 ---p 00000000 00:00 0 
7f2c10000000-7f2c10021000 rw-p 00000000 00:00 0 
7f2c10021000-7f2c14000000 ---p 00000000 00:00 0 
7f2c14000000-7f2c14021000 rw-p 00000000 00:00 0 
7f2c14021000-7f2c18000000 ---p 00000000 00:00 0 
7f2c18000000-7f2c18021000 rw-p 00000000 00:00 0 
7f2c18021000-7f2c1c000000 ---p 00000000 00:00 0 
7f2c1c000000-7f2c1c021000 rw-p 00000000 00:00 0 
7f2c1c021000-7f2c20000000 ---p 00000000 00:00 0 
7f2c22e5d000-7f2c232e1000 rw-p 00000000 00:00 0 
7f2c232e1000-7f2c233fc000 ---p 00000000 00:00 0 
7f2c233fc000-7f2c235fc000 rw-p 00000000 00:00 0 
7f2c235fc000-7f2c23600000 ---p 00000000 00:00 0 
7f2c23600000-7f2c236fd000 rw-p 00000000 00:00 0 
7f2c236fd000-7f2c23701000 ---p 00000000 00:00 0 
7f2c23701000-7f2c237fe000 rw-p 00000000 00:00 0 
7f2c237fe000-7f2c23802000 ---p 00000000 00:00 0 
7f2c23802000-7f2c23af6000 rw-p 00000000 00:00 0 
7f2c23af6000-7f2c23aff000 ---p 00000000 00:00 0 
7f2c23aff000-7f2c23b03000 ---p 00000000 00:00 0 
7f2c23b03000-7f2c23e00000 rw-p 00000000 00:00 0 
7f2c23e00000-7f2c24000000 rw-p 00000000 00:00 0 
7f2c24000000-7f2c24021000 rw-p 00000000 00:00 0 
7f2c24021000-7f2c28000000 ---p 00000000 00:00 0 
7f2c28000000-7f2c28021000 rw-p 00000000 00:00 0 
7f2c28021000-7f2c2c000000 ---p 00000000 00:00 0 
7f2c2c000000-7f2c2c021000 rw-p 00000000 00:00 0 
7f2c2c021000-7f2c30000000 ---p 00000000 00:00 0 
7f2c30000000-7f2c30021000 rw-p 00000000 00:00 0 
7f2c30021000-7f2c34000000 ---p 00000000 00:00 0 
7f2c34000000-7f2c34021000 rw-p 00000000 00:00 0 
7f2c34021000-7f2c38000000 ---p 00000000 00:00 0 
7f2c38000000-7f2c38021000 rw-p 00000000 00:00 0 
7f2c38021000-7f2c3c000000 ---p 00000000 00:00 0 
7f2c3c000000-7f2c3c021000 rw-p 00000000 00:00 0 
7f2c3c021000-7f2c40000000 ---p 00000000 00:00 0 
7f2c40000000-7f2c40021000 rw-p 00000000 00:00 0 
7f2c40021000-7f2c44000000 ---p 00000000 00:00 0 
7f2c44000000-7f2c44021000 rw-p 00000000 00:00 0 
7f2c44021000-7f2c48000000 ---p 00000000 00:00 0 
7f2c48000000-7f2c48021000 rw-p 00000000 00:00 0 
7f2c48021000-7f2c4c000000 ---p 00000000 00:00 0 
7f2c4c000000-7f2c4c021000 rw-p 00000000 00:00 0 
7f2c4c021000-7f2c50000000 ---p 00000000 00:00 0 
7f2c50000000-7f2c50021000 rw-p 00000000 00:00 0 
7f2c50021000-7f2c54000000 ---p 00000000 00:00 0 
7f2c54000000-7f2c54021000 rw-p 00000000 00:00 0 
7f2c54021000-7f2c58000000 ---p 00000000 00:00 0 
7f2c58000000-7f2c58021000 rw-p 00000000 00:00 0 
7f2c58021000-7f2c5c000000 ---p 00000000 00:00 0 
7f2c5c000000-7f2c5c021000 rw-p 00000000 00:00 0 
7f2c5c021000-7f2c60000000 ---p 00000000 00:00 0 
7f2c60000000-7f2c60021000 rw-p 00000000 00:00 0 
7f2c60021000-7f2c64000000 ---p 00000000 00:00 0 
7f2c64000000-7f2c64021000 rw-p 00000000 00:00 0 
7f2c64021000-7f2c68000000 ---p 00000000 00:00 0 
7f2c68000000-7f2c68021000 rw-p 00000000 00:00 0 
7f2c68021000-7f2c6c000000 ---p 00000000 00:00 0 
7f2c6c000000-7f2c6c021000 rw-p 00000000 00:00 0 
7f2c6c021000-7f2c70000000 ---p 00000000 00:00 0 
7f2c70000000-7f2c70021000 rw-p 00000000 00:00 0 
7f2c70021000-7f2c74000000 ---p 00000000 00:00 0 
7f2c74000000-7f2c74021000 rw-p 00000000 00:00 0 
7f2c74021000-7f2c78000000 ---p 00000000 00:00 0 
7f2c78000000-7f2c78021000 rw-p 00000000 00:00 0 
7f2c78021000-7f2c7c000000 ---p 00000000 00:00 0 
7f2c7c000000-7f2c7c021000 rw-p 00000000 00:00 0 
7f2c7c021000-7f2c80000000 ---p 00000000 00:00 0 
7f2c80000000-7f2c80021000 rw-p 00000000 00:00 0 
7f2c80021000-7f2c84000000 ---p 00000000 00:00 0 
7f2c84000000-7f2c84021000 rw-p 00000000 00:00 0 
7f2c84021000-7f2c88000000 ---p 00000000 00:00 0 
7f2c88000000-7f2c88021000 rw-p 00000000 00:00 0 
7f2c88021000-7f2c8c000000 ---p 00000000 00:00 0 
7f2c8c000000-7f2c8c021000 rw-p 00000000 00:00 0 
7f2c8c021000-7f2c90000000 ---p 00000000 00:00 0 
7f2c90000000-7f2c90021000 rw-p 00000000 00:00 0 
7f2c90021000-7f2c94000000 ---p 00000000 00:00 0 
7f2c94000000-7f2c94021000 rw-p 00000000 00:00 0 
7f2c94021000-7f2c98000000 ---p 00000000 00:00 0 
7f2c98000000-7f2c98021000 rw-p 00000000 00:00 0 
7f2c98021000-7f2c9c000000 ---p 00000000 00:00 0 
7f2c9c000000-7f2c9c021000 rw-p 00000000 00:00 0 
7f2c9c021000-7f2ca0000000 ---p 00000000 00:00 0 
7f2ca0000000-7f2ca0021000 rw-p 00000000 00:00 0 
7f2ca0021000-7f2ca4000000 ---p 00000000 00:00 0 
7f2ca4000000-7f2ca4021000 rw-p 00000000 00:00 0 
7f2ca4021000-7f2ca8000000 ---p 00000000 00:00 0 
7f2ca8000000-7f2ca8021000 rw-p 00000000 00:00 0 
7f2ca8021000-7f2cac000000 ---p 00000000 00:00 0 
7f2cac000000-7f2cac021000 rw-p 00000000 00:00 0 
7f2cac021000-7f2cb0000000 ---p 00000000 00:00 0 
7f2cb0000000-7f2cb0021000 rw-p 00000000 00:00 0 
7f2cb0021000-7f2cb4000000 ---p 00000000 00:00 0 
7f2cb4000000-7f2cb4021000 rw-p 00000000 00:00 0 
7f2cb4021000-7f2cb8000000 ---p 00000000 00:00 0 
7f2cb8000000-7f2cb8021000 rw-p 00000000 00:00 0 
7f2cb8021000-7f2cbc000000 ---p 00000000 00:00 0 
7f2cbc000000-7f2cbc021000 rw-p 00000000 00:00 0 
7f2cbc021000-7f2cc0000000 ---p 00000000 00:00 0 
7f2cc0000000-7f2cc0021000 rw-p 00000000 00:00 0 
7f2cc0021000-7f2cc4000000 ---p 00000000 00:00 0 
7f2cc4000000-7f2cc4021000 rw-p 00000000 00:00 0 
7f2cc4021000-7f2cc8000000 ---p 00000000 00:00 0 
7f2cc8000000-7f2cc8021000 rw-p 00000000 00:00 0 
7f2cc8021000-7f2ccc000000 ---p 00000000 00:00 0 
7f2ccc000000-7f2ccc021000 rw-p 00000000 00:00 0 
7f2ccc021000-7f2cd0000000 ---p 00000000 00:00 0 
7f2cd0000000-7f2cd0021000 rw-p 00000000 00:00 0 
7f2cd0021000-7f2cd4000000 ---p 00000000 00:00 0 
7f2cd4000000-7f2cd4021000 rw-p 00000000 00:00 0 
7f2cd4021000-7f2cd8000000 ---p 00000000 00:00 0 
7f2cd8000000-7f2cd8021000 rw-p 00000000 00:00 0 
7f2cd8021000-7f2cdc000000 ---p 00000000 00:00 0 
7f2cdc000000-7f2cdc021000 rw-p 00000000 00:00 0 
7f2cdc021000-7f2ce0000000 ---p 00000000 00:00 0 
7f2ce0000000-7f2ce0021000 rw-p 00000000 00:00 0 
7f2ce0021000-7f2ce4000000 ---p 00000000 00:00 0 
7f2ce40cf000-7f2ce40d3000 ---p 00000000 00:00 0 
7f2ce40d3000-7f2ce41d0000 rw-p 00000000 00:00 0 
7f2ce41d0000-7f2ce41d4000 ---p 00000000 00:00 0 
7f2ce41d4000-7f2ce42d1000 rw-p 00000000 00:00 0 
7f2ce42d1000-7f2ce42d5000 ---p 00000000 00:00 0 
7f2ce42d5000-7f2ce43d2000 rw-p 00000000 00:00 0 
7f2ce43d2000-7f2ce43d6000 ---p 00000000 00:00 0 
7f2ce43d6000-7f2ce44d3000 rw-p 00000000 00:00 0 
7f2ce44d3000-7f2ce44d7000 ---p 00000000 00:00 0 
7f2ce44d7000-7f2ce47d4000 rw-p 00000000 00:00 0 
7f2ce47d4000-7f2ce49d4000 rw-p 00000000 00:00 0 
7f2ce49d4000-7f2ce49d8000 ---p 00000000 00:00 0 
7f2ce49d8000-7f2ce4ad5000 rw-p 00000000 00:00 0 
7f2ce4ad5000-7f2ce4ad9000 ---p 00000000 00:00 0 
7f2ce4ad9000-7f2ce4dd6000 rw-p 00000000 00:00 0 
7f2ce4dd6000-7f2ce4fd6000 rw-p 00000000 00:00 0 
7f2ce4fd6000-7f2ce4fda000 ---p 00000000 00:00 0 
7f2ce4fda000-7f2ce52d6000 rw-p 00000000 00:00 0 
7f2ce52d6000-7f2ce52d7000 ---p 00000000 00:00 0 
7f2ce52d7000-7f2ce54cf000 rw-p 00000000 00:00 0 
7f2ce54cf000-7f2ce54d7000 ---p 00000000 00:00 0 
7f2ce54d7000-7f2ce54db000 ---p 00000000 00:00 0 
7f2ce54db000-7f2ce55d8000 rw-p 00000000 00:00 0 
7f2ce55d8000-7f2ce55dc000 ---p 00000000 00:00 0 
7f2ce55dc000-7f2ce58c4000 rw-p 00000000 00:00 0 
7f2ce58c4000-7f2ce58d9000 ---p 00000000 00:00 0 
7f2ce58d9000-7f2ce58dd000 ---p 00000000 00:00 0 
7f2ce58dd000-7f2ce59da000 rw-p 00000000 00:00 0 
7f2ce59da000-7f2ce59de000 ---p 00000000 00:00 0 
7f2ce59de000-7f2ce5adb000 rw-p 00000000 00:00 0 
7f2ce5adb000-7f2ce5adf000 ---p 00000000 00:00 0 
7f2ce5adf000-7f2ce5bdc000 rw-p 00000000 00:00 0 
7f2ce5bdc000-7f2ce5be0000 ---p 00000000 00:00 0 
7f2ce5be0000-7f2ce5cdd000 rw-p 00000000 00:00 0 
7f2ce5cdd000-7f2ce5ce1000 ---p 00000000 00:00 0 
7f2ce5ce1000-7f2ce5dde000 rw-p 00000000 00:00 0 
7f2ce5dde000-7f2ce5de2000 ---p 00000000 00:00 0 
7f2ce5de2000-7f2ce5edf000 rw-p 00000000 00:00 0 
7f2ce5edf000-7f2ce5ee3000 ---p 00000000 00:00 0 
7f2ce5ee3000-7f2ce5fe0000 rw-p 00000000 00:00 0 
7f2ce5fe0000-7f2ce5fe4000 ---p 00000000 00:00 0 
7f2ce5fe4000-7f2ce60e1000 rw-p 00000000 00:00 0 
7f2ce60e1000-7f2ce60e5000 ---p 00000000 00:00 0 
7f2ce60e5000-7f2ce61e2000 rw-p 00000000 00:00 0 
7f2ce61e2000-7f2ce61e6000 ---p 00000000 00:00 0 
7f2ce61e6000-7f2ce62e3000 rw-p 00000000 00:00 0 
7f2ce62e3000-7f2ce62e7000 ---p 00000000 00:00 0 
7f2ce62e7000-7f2ce63e4000 rw-p 00000000 00:00 0 
7f2ce63e4000-7f2ce63e8000 ---p 00000000 00:00 0 
7f2ce63e8000-7f2ce64e5000 rw-p 00000000 00:00 0 
7f2ce64e5000-7f2ce64e9000 ---p 00000000 00:00 0 
7f2ce64e9000-7f2ce65e6000 rw-p 00000000 00:00 0 
7f2ce65e6000-7f2ce65ea000 ---p 00000000 00:00 0 
7f2ce65ea000-7f2ce66e7000 rw-p 00000000 00:00 0 
7f2ce66e7000-7f2ce66eb000 ---p 00000000 00:00 0 
7f2ce66eb000-7f2ce67e8000 rw-p 00000000 00:00 0 
7f2ce67e8000-7f2ce67ec000 ---p 00000000 00:00 0 
7f2ce67ec000-7f2ce68e9000 rw-p 00000000 00:00 0 
7f2ce68e9000-7f2ce68ed000 ---p 00000000 00:00 0 
7f2ce68ed000-7f2ce69ea000 rw-p 00000000 00:00 0 
7f2ce69ea000-7f2ce69ee000 ---p 00000000 00:00 0 
7f2ce69ee000-7f2ce6aeb000 rw-p 00000000 00:00 0 
7f2ce6aeb000-7f2ce6aef000 ---p 00000000 00:00 0 
7f2ce6aef000-7f2ce6bec000 rw-p 00000000 00:00 0 
7f2ce6bec000-7f2ce6bf0000 ---p 00000000 00:00 0 
7f2ce6bf0000-7f2ce6ced000 rw-p 00000000 00:00 0 
7f2ce6ced000-7f2ce6cf1000 ---p 00000000 00:00 0 
7f2ce6cf1000-7f2ce6dee000 rw-p 00000000 00:00 0 
7f2ce6dee000-7f2ce6df2000 ---p 00000000 00:00 0 
7f2ce6df2000-7f2ce6eef000 rw-p 00000000 00:00 0 
7f2ce6eef000-7f2ce6ef3000 ---p 00000000 00:00 0 
7f2ce6ef3000-7f2ce6ff0000 rw-p 00000000 00:00 0 
7f2ce6ff0000-7f2ce6ff4000 ---p 00000000 00:00 0 
7f2ce6ff4000-7f2ce70f1000 rw-p 00000000 00:00 0 
7f2ce70f1000-7f2ce70f5000 ---p 00000000 00:00 0 
7f2ce70f5000-7f2ce71f2000 rw-p 00000000 00:00 0 
7f2ce71f2000-7f2ce71f6000 ---p 00000000 00:00 0 
7f2ce71f6000-7f2ce72f3000 rw-p 00000000 00:00 0 
7f2ce72f3000-7f2ce72f7000 ---p 00000000 00:00 0 
7f2ce72f7000-7f2ce73f4000 rw-p 00000000 00:00 0 
7f2ce73f4000-7f2ce73f8000 ---p 00000000 00:00 0 
7f2ce73f8000-7f2ce74f5000 rw-p 00000000 00:00 0 
7f2ce74f5000-7f2ce74f9000 ---p 00000000 00:00 0 
7f2ce74f9000-7f2ce75f6000 rw-p 00000000 00:00 0 
7f2ce75f6000-7f2ce75fa000 ---p 00000000 00:00 0 
7f2ce75fa000-7f2ce76f7000 rw-p 00000000 00:00 0 
7f2ce76f7000-7f2ce76fb000 ---p 00000000 00:00 0 
7f2ce76fb000-7f2ce77f8000 rw-p 00000000 00:00 0 
7f2ce77f8000-7f2ce77fc000 ---p 00000000 00:00 0 
7f2ce77fc000-7f2ce78f9000 rw-p 00000000 00:00 0 
7f2ce78f9000-7f2ce78fd000 ---p 00000000 00:00 0 
7f2ce78fd000-7f2ce79fa000 rw-p 00000000 00:00 0 
7f2ce79fa000-7f2ce79fe000 ---p 00000000 00:00 0 
7f2ce79fe000-7f2ce7afb000 rw-p 00000000 00:00 0 
7f2ce7afb000-7f2ce7aff000 ---p 00000000 00:00 0 
7f2ce7aff000-7f2ce7bfc000 rw-p 00000000 00:00 0 
7f2ce7bfc000-7f2ce7c00000 ---p 00000000 00:00 0 
7f2ce7c00000-7f2ce7cfd000 rw-p 00000000 00:00 0 
7f2ce7cfd000-7f2ce7d01000 ---p 00000000 00:00 0 
7f2ce7d01000-7f2ce7dfe000 rw-p 00000000 00:00 0 
7f2ce7dfe000-7f2ce7e02000 ---p 00000000 00:00 0 
7f2ce7e02000-7f2ce7eff000 rw-p 00000000 00:00 0 
7f2ce7eff000-7f2ce7f03000 ---p 00000000 00:00 0 
7f2ce7f03000-7f2ce8000000 rw-p 00000000 00:00 0 
7f2ce8000000-7f2ce8021000 rw-p 00000000 00:00 0 
7f2ce8021000-7f2cec000000 ---p 00000000 00:00 0 
7f2cec000000-7f2cec021000 rw-p 00000000 00:00 0 
7f2cec021000-7f2cf0000000 ---p 00000000 00:00 0 
7f2cf0000000-7f2cf0021000 rw-p 00000000 00:00 0 
7f2cf0021000-7f2cf4000000 ---p 00000000 00:00 0 
7f2cf4000000-7f2cf4021000 rw-p 00000000 00:00 0 
7f2cf4021000-7f2cf8000000 ---p 00000000 00:00 0 
7f2cf8000000-7f2cf8021000 rw-p 00000000 00:00 0 
7f2cf8021000-7f2cfc000000 ---p 00000000 00:00 0 
7f2cfc000000-7f2cfc021000 rw-p 00000000 00:00 0 
7f2cfc021000-7f2d00000000 ---p 00000000 00:00 0 
7f2d00000000-7f2d00021000 rw-p 00000000 00:00 0 
7f2d00021000-7f2d04000000 ---p 00000000 00:00 0 
7f2d04000000-7f2d04021000 rw-p 00000000 00:00 0 
7f2d04021000-7f2d08000000 ---p 00000000 00:00 0 
7f2d08000000-7f2d08021000 rw-p 00000000 00:00 0 
7f2d08021000-7f2d0c000000 ---p 00000000 00:00 0 
7f2d0c000000-7f2d0c021000 rw-p 00000000 00:00 0 
7f2d0c021000-7f2d10000000 ---p 00000000 00:00 0 
7f2d10000000-7f2d10021000 rw-p 00000000 00:00 0 
7f2d10021000-7f2d14000000 ---p 00000000 00:00 0 
7f2d14000000-7f2d14021000 rw-p 00000000 00:00 0 
7f2d14021000-7f2d18000000 ---p 00000000 00:00 0 
7f2d18000000-7f2d185bc000 rw-p 00000000 00:00 0 
7f2d185bc000-7f2d1c000000 ---p 00000000 00:00 0 
7f2d1c000000-7f2d1c057000 rw-p 00000000 00:00 0 
7f2d1c057000-7f2d20000000 ---p 00000000 00:00 0 
7f2d20000000-7f2d2004c000 rw-p 00000000 00:00 0 
7f2d2004c000-7f2d24000000 ---p 00000000 00:00 0 
7f2d24000000-7f2d24087000 rw-p 00000000 00:00 0 
7f2d24087000-7f2d28000000 ---p 00000000 00:00 0 
7f2d28000000-7f2d28021000 rw-p 00000000 00:00 0 
7f2d28021000-7f2d2c000000 ---p 00000000 00:00 0 
7f2d2c000000-7f2d2c021000 rw-p 00000000 00:00 0 
7f2d2c021000-7f2d30000000 ---p 00000000 00:00 0 
7f2d30000000-7f2d30021000 rw-p 00000000 00:00 0 
7f2d30021000-7f2d34000000 ---p 00000000 00:00 0 
7f2d34000000-7f2d34021000 rw-p 00000000 00:00 0 
7f2d34021000-7f2d38000000 ---p 00000000 00:00 0 
7f2d38000000-7f2d38021000 rw-p 00000000 00:00 0 
7f2d38021000-7f2d3c000000 ---p 00000000 00:00 0 
7f2d3c000000-7f2d3c021000 rw-p 00000000 00:00 0 
7f2d3c021000-7f2d40000000 ---p 00000000 00:00 0 
7f2d40000000-7f2d40076000 rw-p 00000000 00:00 0 
7f2d40076000-7f2d44000000 ---p 00000000 00:00 0 
7f2d44000000-7f2d44021000 rw-p 00000000 00:00 0 
7f2d44021000-7f2d48000000 ---p 00000000 00:00 0 
7f2d48000000-7f2d48021000 rw-p 00000000 00:00 0 
7f2d48021000-7f2d4c000000 ---p 00000000 00:00 0 
7f2d4c000000-7f2d4c021000 rw-p 00000000 00:00 0 
7f2d4c021000-7f2d50000000 ---p 00000000 00:00 0 
7f2d50000000-7f2d500ef000 rw-p 00000000 00:00 0 
7f2d500ef000-7f2d54000000 ---p 00000000 00:00 0 
7f2d54000000-7f2d54021000 rw-p 00000000 00:00 0 
7f2d54021000-7f2d58000000 ---p 00000000 00:00 0 
7f2d58000000-7f2d58021000 rw-p 00000000 00:00 0 
7f2d58021000-7f2d5c000000 ---p 00000000 00:00 0 
7f2d5c000000-7f2d5c021000 rw-p 00000000 00:00 0 
7f2d5c021000-7f2d60000000 ---p 00000000 00:00 0 
7f2d60000000-7f2d60024000 rw-p 00000000 00:00 0 
7f2d60024000-7f2d64000000 ---p 00000000 00:00 0 
7f2d64000000-7f2d64027000 rw-p 00000000 00:00 0 
7f2d64027000-7f2d68000000 ---p 00000000 00:00 0 
7f2d68000000-7f2d68021000 rw-p 00000000 00:00 0 
7f2d68021000-7f2d6c000000 ---p 00000000 00:00 0 
7f2d6c000000-7f2d6c021000 rw-p 00000000 00:00 0 
7f2d6c021000-7f2d70000000 ---p 00000000 00:00 0 
7f2d70000000-7f2d70041000 rw-p 00000000 00:00 0 
7f2d70041000-7f2d74000000 ---p 00000000 00:00 0 
7f2d74000000-7f2d74032000 rw-p 00000000 00:00 0 
7f2d74032000-7f2d78000000 ---p 00000000 00:00 0 
7f2d78000000-7f2d78058000 rw-p 00000000 00:00 0 
7f2d78058000-7f2d7c000000 ---p 00000000 00:00 0 
7f2d7c000000-7f2d7c021000 rw-p 00000000 00:00 0 
7f2d7c021000-7f2d80000000 ---p 00000000 00:00 0 
7f2d80000000-7f2d80021000 rw-p 00000000 00:00 0 
7f2d80021000-7f2d84000000 ---p 00000000 00:00 0 
7f2d84000000-7f2d84055000 rw-p 00000000 00:00 0 
7f2d84055000-7f2d88000000 ---p 00000000 00:00 0 
7f2d88000000-7f2d8803a000 rw-p 00000000 00:00 0 
7f2d8803a000-7f2d8c000000 ---p 00000000 00:00 0 
7f2d8c000000-7f2d8c021000 rw-p 00000000 00:00 0 
7f2d8c021000-7f2d90000000 ---p 00000000 00:00 0 
7f2d90000000-7f2d90021000 rw-p 00000000 00:00 0 
7f2d90021000-7f2d94000000 ---p 00000000 00:00 0 
7f2d94000000-7f2d940b7000 rw-p 00000000 00:00 0 
7f2d940b7000-7f2d98000000 ---p 00000000 00:00 0 
7f2d98000000-7f2d98021000 rw-p 00000000 00:00 0 
7f2d98021000-7f2d9c000000 ---p 00000000 00:00 0 
7f2d9c000000-7f2d9c03d000 rw-p 00000000 00:00 0 
7f2d9c03d000-7f2da0000000 ---p 00000000 00:00 0 
7f2da0000000-7f2da0021000 rw-p 00000000 00:00 0 
7f2da0021000-7f2da4000000 ---p 00000000 00:00 0 
7f2da4000000-7f2da4021000 rw-p 00000000 00:00 0 
7f2da4021000-7f2da8000000 ---p 00000000 00:00 0 
7f2da8000000-7f2da8021000 rw-p 00000000 00:00 0 
7f2da8021000-7f2dac000000 ---p 00000000 00:00 0 
7f2dac000000-7f2dac04e000 rw-p 00000000 00:00 0 
7f2dac04e000-7f2db0000000 ---p 00000000 00:00 0 
7f2db0000000-7f2db0021000 rw-p 00000000 00:00 0 
7f2db0021000-7f2db4000000 ---p 00000000 00:00 0 
7f2db4000000-7f2db4021000 rw-p 00000000 00:00 0 
7f2db4021000-7f2db8000000 ---p 00000000 00:00 0 
7f2db8000000-7f2db8021000 rw-p 00000000 00:00 0 
7f2db8021000-7f2dbc000000 ---p 00000000 00:00 0 
7f2dbc000000-7f2dbc021000 rw-p 00000000 00:00 0 
7f2dbc021000-7f2dc0000000 ---p 00000000 00:00 0 
7f2dc0000000-7f2dc0021000 rw-p 00000000 00:00 0 
7f2dc0021000-7f2dc4000000 ---p 00000000 00:00 0 
7f2dc4000000-7f2dc4021000 rw-p 00000000 00:00 0 
7f2dc4021000-7f2dc8000000 ---p 00000000 00:00 0 
7f2dc8000000-7f2dc8021000 rw-p 00000000 00:00 0 
7f2dc8021000-7f2dcc000000 ---p 00000000 00:00 0 
7f2dcc000000-7f2dcc051000 rw-p 00000000 00:00 0 
7f2dcc051000-7f2dd0000000 ---p 00000000 00:00 0 
7f2dd00c7000-7f2dd00cb000 ---p 00000000 00:00 0 
7f2dd00cb000-7f2dd01c8000 rw-p 00000000 00:00 0 
7f2dd01c8000-7f2dd01cc000 ---p 00000000 00:00 0 
7f2dd01cc000-7f2dd02c9000 rw-p 00000000 00:00 0 
7f2dd02c9000-7f2dd02cd000 ---p 00000000 00:00 0 
7f2dd02cd000-7f2dd03ca000 rw-p 00000000 00:00 0 
7f2dd03ca000-7f2dd03ce000 ---p 00000000 00:00 0 
7f2dd03ce000-7f2dd04cb000 rw-p 00000000 00:00 0 
7f2dd04cb000-7f2dd04cf000 ---p 00000000 00:00 0 
7f2dd04cf000-7f2dd05cc000 rw-p 00000000 00:00 0 
7f2dd05cc000-7f2dd05d0000 ---p 00000000 00:00 0 
7f2dd05d0000-7f2dd06cd000 rw-p 00000000 00:00 0 
7f2dd06cd000-7f2dd06d1000 ---p 00000000 00:00 0 
7f2dd06d1000-7f2dd07ce000 rw-p 00000000 00:00 0 
7f2dd07ce000-7f2dd07d2000 ---p 00000000 00:00 0 
7f2dd07d2000-7f2dd08cf000 rw-p 00000000 00:00 0 
7f2dd08cf000-7f2dd08d3000 ---p 00000000 00:00 0 
7f2dd08d3000-7f2dd09d0000 rw-p 00000000 00:00 0 
7f2dd09d0000-7f2dd09d4000 ---p 00000000 00:00 0 
7f2dd09d4000-7f2dd0ad1000 rw-p 00000000 00:00 0 
7f2dd0ad1000-7f2dd0ad5000 ---p 00000000 00:00 0 
7f2dd0ad5000-7f2dd0bd2000 rw-p 00000000 00:00 0 
7f2dd0bd2000-7f2dd0bd6000 ---p 00000000 00:00 0 
7f2dd0bd6000-7f2dd0cd3000 rw-p 00000000 00:00 0 
7f2dd0cd3000-7f2dd0cd7000 ---p 00000000 00:00 0 
7f2dd0cd7000-7f2dd0fd4000 rw-p 00000000 00:00 0 
7f2dd0fd4000-7f2dd0fd8000 ---p 00000000 00:00 0 
7f2dd0fd8000-7f2dd10d5000 rw-p 00000000 00:00 0 
7f2dd10d5000-7f2dd10d9000 ---p 00000000 00:00 0 
7f2dd10d9000-7f2dd11d6000 rw-p 00000000 00:00 0 
7f2dd11d6000-7f2dd11da000 ---p 00000000 00:00 0 
7f2dd11da000-7f2dd12d7000 rw-p 00000000 00:00 0 
7f2dd12d7000-7f2dd12db000 ---p 00000000 00:00 0 
7f2dd12db000-7f2dd13d8000 rw-p 00000000 00:00 0 
7f2dd13d8000-7f2dd13dc000 ---p 00000000 00:00 0 
7f2dd13dc000-7f2dd14d9000 rw-p 00000000 00:00 0 
7f2dd14d9000-7f2dd14dd000 ---p 00000000 00:00 0 
7f2dd14dd000-7f2dd15da000 rw-p 00000000 00:00 0 
7f2dd15da000-7f2dd15de000 ---p 00000000 00:00 0 
7f2dd15de000-7f2dd16db000 rw-p 00000000 00:00 0 
7f2dd16db000-7f2dd16df000 ---p 00000000 00:00 0 
7f2dd16df000-7f2dd17dc000 rw-p 00000000 00:00 0 
7f2dd17dc000-7f2dd17e0000 ---p 00000000 00:00 0 
7f2dd17e0000-7f2dd18dd000 rw-p 00000000 00:00 0 
7f2dd18dd000-7f2dd18e1000 ---p 00000000 00:00 0 
7f2dd18e1000-7f2dd19de000 rw-p 00000000 00:00 0 
7f2dd19de000-7f2dd19e2000 ---p 00000000 00:00 0 
7f2dd19e2000-7f2dd1adf000 rw-p 00000000 00:00 0 
7f2dd1adf000-7f2dd1ae3000 ---p 00000000 00:00 0 
7f2dd1ae3000-7f2dd1be0000 rw-p 00000000 00:00 0 
7f2dd1be0000-7f2dd1be4000 ---p 00000000 00:00 0 
7f2dd1be4000-7f2dd1ce1000 rw-p 00000000 00:00 0 
7f2dd1ce1000-7f2dd1ce5000 ---p 00000000 00:00 0 
7f2dd1ce5000-7f2dd1de2000 rw-p 00000000 00:00 0 
7f2dd1de2000-7f2dd1de6000 ---p 00000000 00:00 0 
7f2dd1de6000-7f2dd1ee3000 rw-p 00000000 00:00 0 
7f2dd1ee3000-7f2dd1ee7000 ---p 00000000 00:00 0 
7f2dd1ee7000-7f2dd1fe4000 rw-p 00000000 00:00 0 
7f2dd1fe4000-7f2dd1fe8000 ---p 00000000 00:00 0 
7f2dd1fe8000-7f2dd20e5000 rw-p 00000000 00:00 0 
7f2dd20e5000-7f2dd20e9000 ---p 00000000 00:00 0 
7f2dd20e9000-7f2dd21e6000 rw-p 00000000 00:00 0 
7f2dd21e6000-7f2dd21ea000 ---p 00000000 00:00 0 
7f2dd21ea000-7f2dd22e7000 rw-p 00000000 00:00 0 
7f2dd22e7000-7f2dd22eb000 ---p 00000000 00:00 0 
7f2dd22eb000-7f2dd23e8000 rw-p 00000000 00:00 0 
7f2dd23e8000-7f2dd23ec000 ---p 00000000 00:00 0 
7f2dd23ec000-7f2dd24e9000 rw-p 00000000 00:00 0 
7f2dd24e9000-7f2dd24ed000 ---p 00000000 00:00 0 
7f2dd24ed000-7f2dd25ea000 rw-p 00000000 00:00 0 
7f2dd25ea000-7f2dd25ee000 ---p 00000000 00:00 0 
7f2dd25ee000-7f2dd26eb000 rw-p 00000000 00:00 0 
7f2dd26eb000-7f2dd26ef000 ---p 00000000 00:00 0 
7f2dd26ef000-7f2dd27ec000 rw-p 00000000 00:00 0 
7f2dd27ec000-7f2dd27f0000 ---p 00000000 00:00 0 
7f2dd27f0000-7f2dd28ed000 rw-p 00000000 00:00 0 
7f2dd28ed000-7f2dd28f1000 ---p 00000000 00:00 0 
7f2dd28f1000-7f2dd29ee000 rw-p 00000000 00:00 0 
7f2dd29ee000-7f2dd29f2000 ---p 00000000 00:00 0 
7f2dd29f2000-7f2dd2aef000 rw-p 00000000 00:00 0 
7f2dd2aef000-7f2dd2af3000 ---p 00000000 00:00 0 
7f2dd2af3000-7f2dd2bf0000 rw-p 00000000 00:00 0 
7f2dd2bf0000-7f2dd2bf4000 ---p 00000000 00:00 0 
7f2dd2bf4000-7f2dd2cf1000 rw-p 00000000 00:00 0 
7f2dd2cf1000-7f2dd2cf5000 ---p 00000000 00:00 0 
7f2dd2cf5000-7f2dd2df2000 rw-p 00000000 00:00 0 
7f2dd2df2000-7f2dd2df6000 ---p 00000000 00:00 0 
7f2dd2df6000-7f2dd2ef3000 rw-p 00000000 00:00 0 
7f2dd2ef3000-7f2dd2ef7000 ---p 00000000 00:00 0 
7f2dd2ef7000-7f2dd31f4000 rw-p 00000000 00:00 0 
7f2dd31f4000-7f2dd31f8000 ---p 00000000 00:00 0 
7f2dd31f8000-7f2dd32f5000 rw-p 00000000 00:00 0 
7f2dd32f5000-7f2dd32f9000 ---p 00000000 00:00 0 
7f2dd32f9000-7f2dd33f6000 rw-p 00000000 00:00 0 
7f2dd33f6000-7f2dd33fa000 ---p 00000000 00:00 0 
7f2dd33fa000-7f2dd34f7000 rw-p 00000000 00:00 0 
7f2dd34f7000-7f2dd34fb000 ---p 00000000 00:00 0 
7f2dd34fb000-7f2dd35f8000 rw-p 00000000 00:00 0 
7f2dd35f8000-7f2dd35fc000 ---p 00000000 00:00 0 
7f2dd35fc000-7f2dd36f9000 rw-p 00000000 00:00 0 
7f2dd36f9000-7f2dd36fd000 ---p 00000000 00:00 0 
7f2dd36fd000-7f2dd37fa000 rw-p 00000000 00:00 0 
7f2dd37fa000-7f2dd37fe000 ---p 00000000 00:00 0 
7f2dd37fe000-7f2dd38fb000 rw-p 00000000 00:00 0 
7f2dd38fb000-7f2dd38ff000 ---p 00000000 00:00 0 
7f2dd38ff000-7f2dd39fc000 rw-p 00000000 00:00 0 
7f2dd39fc000-7f2dd3a00000 ---p 00000000 00:00 0 
7f2dd3a00000-7f2dd3afd000 rw-p 00000000 00:00 0 
7f2dd3afd000-7f2dd3b01000 ---p 00000000 00:00 0 
7f2dd3b01000-7f2dd3bfe000 rw-p 00000000 00:00 0 
7f2dd3bfe000-7f2dd3c02000 ---p 00000000 00:00 0 
7f2dd3c02000-7f2dd3cff000 rw-p 00000000 00:00 0 
7f2dd3cff000-7f2dd3d03000 ---p 00000000 00:00 0 
7f2dd3d03000-7f2dd3ffe000 rw-p 00000000 00:00 0 
7f2dd3ffe000-7f2dd4000000 ---p 00000000 00:00 0 
7f2dd4000000-7f2dd4021000 rw-p 00000000 00:00 0 
7f2dd4021000-7f2dd8000000 ---p 00000000 00:00 0 
7f2dd8000000-7f2dd8272000 rw-p 00000000 00:00 0 
7f2dd8272000-7f2ddc000000 ---p 00000000 00:00 0 
7f2ddc000000-7f2ddc021000 rw-p 00000000 00:00 0 
7f2ddc021000-7f2de0000000 ---p 00000000 00:00 0 
7f2de0000000-7f2de0021000 rw-p 00000000 00:00 0 
7f2de0021000-7f2de4000000 ---p 00000000 00:00 0 
7f2de4000000-7f2de402b000 rw-p 00000000 00:00 0 
7f2de402b000-7f2de8000000 ---p 00000000 00:00 0 
7f2de8000000-7f2de8021000 rw-p 00000000 00:00 0 
7f2de8021000-7f2dec000000 ---p 00000000 00:00 0 
7f2dec000000-7f2dec195000 rw-p 00000000 00:00 0 
7f2dec195000-7f2df0000000 ---p 00000000 00:00 0 
7f2df0000000-7f2df00dd000 rw-p 00000000 00:00 0 
7f2df00dd000-7f2df4000000 ---p 00000000 00:00 0 
7f2df4000000-7f2df402f000 rw-p 00000000 00:00 0 
7f2df402f000-7f2df8000000 ---p 00000000 00:00 0 
7f2df8000000-7f2df802e000 rw-p 00000000 00:00 0 
7f2df802e000-7f2dfc000000 ---p 00000000 00:00 0 
7f2dfc000000-7f2dfc030000 rw-p 00000000 00:00 0 
7f2dfc030000-7f2e00000000 ---p 00000000 00:00 0 
7f2e00000000-7f2e00306000 rw-p 00000000 00:00 0 
7f2e00306000-7f2e04000000 ---p 00000000 00:00 0 
7f2e04000000-7f2e04021000 rw-p 00000000 00:00 0 
7f2e04021000-7f2e08000000 ---p 00000000 00:00 0 
7f2e08000000-7f2e0836e000 rw-p 00000000 00:00 0 
7f2e0836e000-7f2e0c000000 ---p 00000000 00:00 0 
7f2e0c000000-7f2e0c096000 rw-p 00000000 00:00 0 
7f2e0c096000-7f2e10000000 ---p 00000000 00:00 0 
7f2e10000000-7f2e100d6000 rw-p 00000000 00:00 0 
7f2e100d6000-7f2e14000000 ---p 00000000 00:00 0 
7f2e14000000-7f2e14053000 rw-p 00000000 00:00 0 
7f2e14053000-7f2e18000000 ---p 00000000 00:00 0 
7f2e18000000-7f2e18200000 rw-p 00000000 00:00 0 
7f2e18200000-7f2e1c000000 ---p 00000000 00:00 0 
7f2e1c000000-7f2e1c033000 rw-p 00000000 00:00 0 
7f2e1c033000-7f2e20000000 ---p 00000000 00:00 0 
7f2e20000000-7f2e20043000 rw-p 00000000 00:00 0 
7f2e20043000-7f2e24000000 ---p 00000000 00:00 0 
7f2e24000000-7f2e240a7000 rw-p 00000000 00:00 0 
7f2e240a7000-7f2e28000000 ---p 00000000 00:00 0 
7f2e28000000-7f2e281e9000 rw-p 00000000 00:00 0 
7f2e281e9000-7f2e2c000000 ---p 00000000 00:00 0 
7f2e2c000000-7f2e2c11f000 rw-p 00000000 00:00 0 
7f2e2c11f000-7f2e30000000 ---p 00000000 00:00 0 
7f2e30000000-7f2e300ed000 rw-p 00000000 00:00 0 
7f2e300ed000-7f2e34000000 ---p 00000000 00:00 0 
7f2e34000000-7f2e340a8000 rw-p 00000000 00:00 0 
7f2e340a8000-7f2e38000000 ---p 00000000 00:00 0 
7f2e38000000-7f2e380b0000 rw-p 00000000 00:00 0 
7f2e380b0000-7f2e3c000000 ---p 00000000 00:00 0 
7f2e3c000000-7f2e3c021000 rw-p 00000000 00:00 0 
7f2e3c021000-7f2e40000000 ---p 00000000 00:00 0 
7f2e40000000-7f2e40040000 rw-p 00000000 00:00 0 
7f2e40040000-7f2e44000000 ---p 00000000 00:00 0 
7f2e44000000-7f2e44088000 rw-p 00000000 00:00 0 
7f2e44088000-7f2e48000000 ---p 00000000 00:00 0 
7f2e48000000-7f2e4802b000 rw-p 00000000 00:00 0 
7f2e4802b000-7f2e4c000000 ---p 00000000 00:00 0 
7f2e4c000000-7f2e4c076000 rw-p 00000000 00:00 0 
7f2e4c076000-7f2e50000000 ---p 00000000 00:00 0 
7f2e50000000-7f2e50056000 rw-p 00000000 00:00 0 
7f2e50056000-7f2e54000000 ---p 00000000 00:00 0 
7f2e54000000-7f2e540a8000 rw-p 00000000 00:00 0 
7f2e540a8000-7f2e58000000 ---p 00000000 00:00 0 
7f2e58000000-7f2e580ca000 rw-p 00000000 00:00 0 
7f2e580ca000-7f2e5c000000 ---p 00000000 00:00 0 
7f2e5c000000-7f2e5c096000 rw-p 00000000 00:00 0 
7f2e5c096000-7f2e60000000 ---p 00000000 00:00 0 
7f2e60000000-7f2e6007e000 rw-p 00000000 00:00 0 
7f2e6007e000-7f2e64000000 ---p 00000000 00:00 0 
7f2e64000000-7f2e64182000 rw-p 00000000 00:00 0 
7f2e64182000-7f2e68000000 ---p 00000000 00:00 0 
7f2e68000000-7f2e680be000 rw-p 00000000 00:00 0 
7f2e680be000-7f2e6c000000 ---p 00000000 00:00 0 
7f2e6c000000-7f2e6c093000 rw-p 00000000 00:00 0 
7f2e6c093000-7f2e70000000 ---p 00000000 00:00 0 
7f2e70000000-7f2e70158000 rw-p 00000000 00:00 0 
7f2e70158000-7f2e74000000 ---p 00000000 00:00 0 
7f2e74000000-7f2e7411c000 rw-p 00000000 00:00 0 
7f2e7411c000-7f2e78000000 ---p 00000000 00:00 0 
7f2e78000000-7f2e7804f000 rw-p 00000000 00:00 0 
7f2e7804f000-7f2e7c000000 ---p 00000000 00:00 0 
7f2e7c000000-7f2e7c1ee000 rw-p 00000000 00:00 0 
7f2e7c1ee000-7f2e80000000 ---p 00000000 00:00 0 
7f2e80000000-7f2e80021000 rw-p 00000000 00:00 0 
7f2e80021000-7f2e84000000 ---p 00000000 00:00 0 
7f2e840d3000-7f2e840d7000 ---p 00000000 00:00 0 
7f2e840d7000-7f2e841d4000 rw-p 00000000 00:00 0 
7f2e841d4000-7f2e841d8000 ---p 00000000 00:00 0 
7f2e841d8000-7f2e842d5000 rw-p 00000000 00:00 0 
7f2e842d5000-7f2e842d9000 ---p 00000000 00:00 0 
7f2e842d9000-7f2e843d6000 rw-p 00000000 00:00 0 
7f2e843d6000-7f2e843da000 ---p 00000000 00:00 0 
7f2e843da000-7f2e844d7000 rw-p 00000000 00:00 0 
7f2e844d7000-7f2e844db000 ---p 00000000 00:00 0 
7f2e844db000-7f2e847cb000 rw-p 00000000 00:00 0 
7f2e847cb000-7f2e847d8000 ---p 00000000 00:00 0 
7f2e847d8000-7f2e849d7000 rw-p 00000000 00:00 0 
7f2e849d7000-7f2e849d8000 ---p 00000000 00:00 0 
7f2e849d8000-7f2e849dc000 ---p 00000000 00:00 0 
7f2e849dc000-7f2e84ccb000 rw-p 00000000 00:00 0 
7f2e84ccb000-7f2e84cd9000 ---p 00000000 00:00 0 
7f2e84cd9000-7f2e84cdd000 ---p 00000000 00:00 0 
7f2e84cdd000-7f2e84dda000 rw-p 00000000 00:00 0 
7f2e84dda000-7f2e84dde000 ---p 00000000 00:00 0 
7f2e84dde000-7f2e850ce000 rw-p 00000000 00:00 0 
7f2e850ce000-7f2e850db000 ---p 00000000 00:00 0 
7f2e850db000-7f2e852db000 rw-p 00000000 00:00 0 
7f2e852db000-7f2e854db000 rw-p 00000000 00:00 0 
7f2e854db000-7f2e856db000 rw-p 00000000 00:00 0 
7f2e856db000-7f2e858db000 rw-p 00000000 00:00 0 
7f2e858db000-7f2e858df000 ---p 00000000 00:00 0 
7f2e858df000-7f2e859dc000 rw-p 00000000 00:00 0 
7f2e859dc000-7f2e859e0000 ---p 00000000 00:00 0 
7f2e859e0000-7f2e85add000 rw-p 00000000 00:00 0 
7f2e85add000-7f2e85ae1000 ---p 00000000 00:00 0 
7f2e85ae1000-7f2e85bde000 rw-p 00000000 00:00 0 
7f2e85bde000-7f2e85be2000 ---p 00000000 00:00 0 
7f2e85be2000-7f2e85cdf000 rw-p 00000000 00:00 0 
7f2e85cdf000-7f2e85ce3000 ---p 00000000 00:00 0 
7f2e85ce3000-7f2e85de0000 rw-p 00000000 00:00 0 
7f2e85de0000-7f2e85de4000 ---p 00000000 00:00 0 
7f2e85de4000-7f2e85ee1000 rw-p 00000000 00:00 0 
7f2e85ee1000-7f2e85ee5000 ---p 00000000 00:00 0 
7f2e85ee5000-7f2e85fe2000 rw-p 00000000 00:00 0 
7f2e85fe2000-7f2e85fe6000 ---p 00000000 00:00 0 
7f2e85fe6000-7f2e860e3000 rw-p 00000000 00:00 0 
7f2e860e3000-7f2e860e7000 ---p 00000000 00:00 0 
7f2e860e7000-7f2e861e4000 rw-p 00000000 00:00 0 
7f2e861e4000-7f2e861e8000 ---p 00000000 00:00 0 
7f2e861e8000-7f2e862e5000 rw-p 00000000 00:00 0 
7f2e862e5000-7f2e862e9000 ---p 00000000 00:00 0 
7f2e862e9000-7f2e863e6000 rw-p 00000000 00:00 0 
7f2e863e6000-7f2e863ea000 ---p 00000000 00:00 0 
7f2e863ea000-7f2e864e7000 rw-p 00000000 00:00 0 
7f2e864e7000-7f2e864eb000 ---p 00000000 00:00 0 
7f2e864eb000-7f2e865e8000 rw-p 00000000 00:00 0 
7f2e865e8000-7f2e865ec000 ---p 00000000 00:00 0 
7f2e865ec000-7f2e868db000 rw-p 00000000 00:00 0 
7f2e868db000-7f2e868e9000 ---p 00000000 00:00 0 
7f2e868e9000-7f2e868ed000 ---p 00000000 00:00 0 
7f2e868ed000-7f2e869ea000 rw-p 00000000 00:00 0 
7f2e869ea000-7f2e869ee000 ---p 00000000 00:00 0 
7f2e869ee000-7f2e86aeb000 rw-p 00000000 00:00 0 
7f2e86aeb000-7f2e86aef000 ---p 00000000 00:00 0 
7f2e86aef000-7f2e86bec000 rw-p 00000000 00:00 0 
7f2e86bec000-7f2e86bf0000 ---p 00000000 00:00 0 
7f2e86bf0000-7f2e86ced000 rw-p 00000000 00:00 0 
7f2e86ced000-7f2e86cf1000 ---p 00000000 00:00 0 
7f2e86cf1000-7f2e86dee000 rw-p 00000000 00:00 0 
7f2e86dee000-7f2e86df2000 ---p 00000000 00:00 0 
7f2e86df2000-7f2e86eef000 rw-p 00000000 00:00 0 
7f2e86eef000-7f2e86ef3000 ---p 00000000 00:00 0 
7f2e86ef3000-7f2e86ff0000 rw-p 00000000 00:00 0 
7f2e86ff0000-7f2e86ff4000 ---p 00000000 00:00 0 
7f2e86ff4000-7f2e870f1000 rw-p 00000000 00:00 0 
7f2e870f1000-7f2e870f5000 ---p 00000000 00:00 0 
7f2e870f5000-7f2e871f2000 rw-p 00000000 00:00 0 
7f2e871f2000-7f2e871f6000 ---p 00000000 00:00 0 
7f2e871f6000-7f2e872f3000 rw-p 00000000 00:00 0 
7f2e872f3000-7f2e872f7000 ---p 00000000 00:00 0 
7f2e872f7000-7f2e873f4000 rw-p 00000000 00:00 0 
7f2e873f4000-7f2e873f8000 ---p 00000000 00:00 0 
7f2e873f8000-7f2e874f5000 rw-p 00000000 00:00 0 
7f2e874f5000-7f2e874f9000 ---p 00000000 00:00 0 
7f2e874f9000-7f2e875f6000 rw-p 00000000 00:00 0 
7f2e875f6000-7f2e875fa000 ---p 00000000 00:00 0 
7f2e875fa000-7f2e876f7000 rw-p 00000000 00:00 0 
7f2e876f7000-7f2e876fb000 ---p 00000000 00:00 0 
7f2e876fb000-7f2e877f8000 rw-p 00000000 00:00 0 
7f2e877f8000-7f2e877fc000 ---p 00000000 00:00 0 
7f2e877fc000-7f2e878f9000 rw-p 00000000 00:00 0 
7f2e878f9000-7f2e878fd000 ---p 00000000 00:00 0 
7f2e878fd000-7f2e879fa000 rw-p 00000000 00:00 0 
7f2e879fa000-7f2e879fe000 ---p 00000000 00:00 0 
7f2e879fe000-7f2e87afb000 rw-p 00000000 00:00 0 
7f2e87afb000-7f2e87aff000 ---p 00000000 00:00 0 
7f2e87aff000-7f2e87bfc000 rw-p 00000000 00:00 0 
7f2e87bfc000-7f2e87c00000 ---p 00000000 00:00 0 
7f2e87c00000-7f2e87cfd000 rw-p 00000000 00:00 0 
7f2e87cfd000-7f2e87d01000 ---p 00000000 00:00 0 
7f2e87d01000-7f2e87dfe000 rw-p 00000000 00:00 0 
7f2e87dfe000-7f2e87e02000 ---p 00000000 00:00 0 
7f2e87e02000-7f2e87eff000 rw-p 00000000 00:00 0 
7f2e87eff000-7f2e87f03000 ---p 00000000 00:00 0 
7f2e87f03000-7f2e88000000 rw-p 00000000 00:00 0 
7f2e88000000-7f2e880c7000 rw-p 00000000 00:00 0 
7f2e880c7000-7f2e8c000000 ---p 00000000 00:00 0 
7f2e8c000000-7f2e8d556000 rw-p 00000000 00:00 0 
7f2e8d556000-7f2e90000000 ---p 00000000 00:00 0 
7f2e90000000-7f2e904e0000 rw-p 00000000 00:00 0 
7f2e904e0000-7f2e94000000 ---p 00000000 00:00 0 
7f2e94000000-7f2e94348000 rw-p 00000000 00:00 0 
7f2e94348000-7f2e98000000 ---p 00000000 00:00 0 
7f2e98000000-7f2e981fe000 rw-p 00000000 00:00 0 
7f2e981fe000-7f2e9c000000 ---p 00000000 00:00 0 
7f2e9c000000-7f2e9d045000 rw-p 00000000 00:00 0 
7f2e9d045000-7f2ea0000000 ---p 00000000 00:00 0 
7f2ea0000000-7f2ea011d000 rw-p 00000000 00:00 0 
7f2ea011d000-7f2ea4000000 ---p 00000000 00:00 0 
7f2ea4000000-7f2ea4198000 rw-p 00000000 00:00 0 
7f2ea4198000-7f2ea8000000 ---p 00000000 00:00 0 
7f2ea8000000-7f2ea8021000 rw-p 00000000 00:00 0 
7f2ea8021000-7f2eac000000 ---p 00000000 00:00 0 
7f2eac000000-7f2eac28c000 rw-p 00000000 00:00 0 
7f2eac28c000-7f2eb0000000 ---p 00000000 00:00 0 
7f2eb0000000-7f2eb012d000 rw-p 00000000 00:00 0 
7f2eb012d000-7f2eb4000000 ---p 00000000 00:00 0 
7f2eb4000000-7f2eb40ae000 rw-p 00000000 00:00 0 
7f2eb40ae000-7f2eb8000000 ---p 00000000 00:00 0 
7f2eb8000000-7f2eb825d000 rw-p 00000000 00:00 0 
7f2eb825d000-7f2ebc000000 ---p 00000000 00:00 0 
7f2ebc000000-7f2ebc021000 rw-p 00000000 00:00 0 
7f2ebc021000-7f2ec0000000 ---p 00000000 00:00 0 
7f2ec0000000-7f2ec0021000 rw-p 00000000 00:00 0 
7f2ec0021000-7f2ec4000000 ---p 00000000 00:00 0 
7f2ec4000000-7f2ec428d000 rw-p 00000000 00:00 0 
7f2ec428d000-7f2ec8000000 ---p 00000000 00:00 0 
7f2ec8000000-7f2ec83dc000 rw-p 00000000 00:00 0 
7f2ec83dc000-7f2ecc000000 ---p 00000000 00:00 0 
7f2ecc000000-7f2ecc021000 rw-p 00000000 00:00 0 
7f2ecc021000-7f2ed0000000 ---p 00000000 00:00 0 
7f2ed0000000-7f2ed0021000 rw-p 00000000 00:00 0 
7f2ed0021000-7f2ed4000000 ---p 00000000 00:00 0 
7f2ed4000000-7f2ed4021000 rw-p 00000000 00:00 0 
7f2ed4021000-7f2ed8000000 ---p 00000000 00:00 0 
7f2ed8000000-7f2ed8021000 rw-p 00000000 00:00 0 
7f2ed8021000-7f2edc000000 ---p 00000000 00:00 0 
7f2edc000000-7f2edc021000 rw-p 00000000 00:00 0 
7f2edc021000-7f2ee0000000 ---p 00000000 00:00 0 
7f2ee0000000-7f2ee0a41000 rw-p 00000000 00:00 0 
7f2ee0a41000-7f2ee4000000 ---p 00000000 00:00 0 
7f2ee40f8000-7f2ee40fc000 ---p 00000000 00:00 0 
7f2ee40fc000-7f2ee41f9000 rw-p 00000000 00:00 0 
7f2ee41f9000-7f2ee41fd000 ---p 00000000 00:00 0 
7f2ee41fd000-7f2ee45f9000 rw-p 00000000 00:00 0 
7f2ee45f9000-7f2ee45fa000 ---p 00000000 00:00 0 
7f2ee45fa000-7f2ee47df000 rw-p 00000000 00:00 0 
7f2ee47df000-7f2ee47fa000 ---p 00000000 00:00 0 
7f2ee47fa000-7f2ee47fe000 ---p 00000000 00:00 0 
7f2ee47fe000-7f2ee48fb000 rw-p 00000000 00:00 0 
7f2ee48fb000-7f2ee48ff000 ---p 00000000 00:00 0 
7f2ee48ff000-7f2ee49fc000 rw-p 00000000 00:00 0 
7f2ee49fc000-7f2ee4a00000 ---p 00000000 00:00 0 
7f2ee4a00000-7f2ee4afd000 rw-p 00000000 00:00 0 
7f2ee4afd000-7f2ee4b01000 ---p 00000000 00:00 0 
7f2ee4b01000-7f2ee4bfe000 rw-p 00000000 00:00 0 
7f2ee4bfe000-7f2ee4c02000 ---p 00000000 00:00 0 
7f2ee4c02000-7f2ee4cff000 rw-p 00000000 00:00 0 
7f2ee4cff000-7f2ee4d03000 ---p 00000000 00:00 0 
7f2ee4d03000-7f2ee4ff1000 rw-p 00000000 00:00 0 
7f2ee4ff1000-7f2ee5000000 ---p 00000000 00:00 0 
7f2ee5000000-7f3065000000 rw-s 00000000 00:18 8                          /dev/shm/prout (deleted)
7f3065000000-7f3065460000 rwxp 00000000 00:00 0 
7f3065460000-7f3065b9a000 ---p 00000000 00:00 0 
7f3065b9a000-7f30668ba000 rwxp 00000000 00:00 0 
7f30668ba000-7f306cdcd000 ---p 00000000 00:00 0 
7f306cdcd000-7f306d03d000 rwxp 00000000 00:00 0 
7f306d03d000-7f3074000000 ---p 00000000 00:00 0 
7f3074000000-7f3075465000 rw-p 00000000 00:00 0 
7f3075465000-7f3078000000 ---p 00000000 00:00 0 
7f307809c000-7f30780a3000 r--s 00000000 fe:01 789188                     /usr/lib/x86_64-linux-gnu/gconv/gconv-modules.cache
7f30780a3000-7f30780a7000 ---p 00000000 00:00 0 
7f30780a7000-7f30781a4000 rw-p 00000000 00:00 0 
7f30781a4000-7f30781a8000 ---p 00000000 00:00 0 
7f30781a8000-7f30784a5000 rw-p 00000000 00:00 0 
7f30784a5000-7f30784af000 r--p 00000000 fe:01 576813                     /home/adam/jdk11u/build/linux-x86_64-normal-server-release/jdk/lib/libsunec.so
7f30784af000-7f30784d8000 r-xp 0000a000 fe:01 576813                     /home/adam/jdk11u/build/linux-x86_64-normal-server-release/jdk/lib/libsunec.so
7f30784d8000-7f30784e7000 r--p 00033000 fe:01 576813                     /home/adam/jdk11u/build/linux-x86_64-normal-server-release/jdk/lib/libsunec.so
7f30784e7000-7f30784ec000 r--p 00041000 fe:01 576813                     /home/adam/jdk11u/build/linux-x86_64-normal-server-release/jdk/lib/libsunec.so
7f30784ec000-7f30784ee000 rw-p 00046000 fe:01 576813                     /home/adam/jdk11u/build/linux-x86_64-normal-server-release/jdk/lib/libsunec.so
7f30784ee000-7f30786ee000 rw-p 00000000 00:00 0 
7f30786ee000-7f30786f0000 r--p 00000000 fe:01 576015                     /home/adam/jdk11u/build/linux-x86_64-normal-server-release/jdk/lib/libmanagement_ext.so
7f30786f0000-7f30786f3000 r-xp 00002000 fe:01 576015                     /home/adam/jdk11u/build/linux-x86_64-normal-server-release/jdk/lib/libmanagement_ext.so
7f30786f3000-7f30786f4000 r--p 00005000 fe:01 576015                     /home/adam/jdk11u/build/linux-x86_64-normal-server-release/jdk/lib/libmanagement_ext.so
7f30786f4000-7f30786f5000 ---p 00006000 fe:01 576015                     /home/adam/jdk11u/build/linux-x86_64-normal-server-release/jdk/lib/libmanagement_ext.so
7f30786f5000-7f30786f6000 r--p 00006000 fe:01 576015                     /home/adam/jdk11u/build/linux-x86_64-normal-server-release/jdk/lib/libmanagement_ext.so
7f30786f6000-7f30786f7000 rw-p 00007000 fe:01 576015                     /home/adam/jdk11u/build/linux-x86_64-normal-server-release/jdk/lib/libmanagement_ext.so
7f30786f7000-7f30788f7000 rw-p 00000000 00:00 0 
7f30788f7000-7f30788fa000 r--p 00000000 fe:01 575908                     /home/adam/jdk11u/build/linux-x86_64-normal-server-release/jdk/lib/libmanagement.so
7f30788fa000-7f30788fb000 r-xp 00003000 fe:01 575908                     /home/adam/jdk11u/build/linux-x86_64-normal-server-release/jdk/lib/libmanagement.so
7f30788fb000-7f30788fc000 r--p 00004000 fe:01 575908                     /home/adam/jdk11u/build/linux-x86_64-normal-server-release/jdk/lib/libmanagement.so
7f30788fc000-7f30788fd000 r--p 00004000 fe:01 575908                     /home/adam/jdk11u/build/linux-x86_64-normal-server-release/jdk/lib/libmanagement.so
7f30788fd000-7f30788fe000 rw-p 00005000 fe:01 575908                     /home/adam/jdk11u/build/linux-x86_64-normal-server-release/jdk/lib/libmanagement.so
7f30788fe000-7f3078afe000 rw-p 00000000 00:00 0 
7f3078afe000-7f3078b02000 ---p 00000000 00:00 0 
7f3078b02000-7f3078dff000 rw-p 00000000 00:00 0 
7f3078dff000-7f3078e03000 ---p 00000000 00:00 0 
7f3078e03000-7f3078f00000 rw-p 00000000 00:00 0 
7f3078f00000-7f3078f01000 r--p 00000000 fe:01 575355                     /home/adam/jdk11u/build/linux-x86_64-normal-server-release/jdk/lib/libextnet.so
7f3078f01000-7f3078f02000 r-xp 00001000 fe:01 575355                     /home/adam/jdk11u/build/linux-x86_64-normal-server-release/jdk/lib/libextnet.so
7f3078f02000-7f3078f03000 r--p 00002000 fe:01 575355                     /home/adam/jdk11u/build/linux-x86_64-normal-server-release/jdk/lib/libextnet.so
7f3078f03000-7f3078f04000 r--p 00002000 fe:01 575355                     /home/adam/jdk11u/build/linux-x86_64-normal-server-release/jdk/lib/libextnet.so
7f3078f04000-7f3078f05000 rw-p 00003000 fe:01 575355                     /home/adam/jdk11u/build/linux-x86_64-normal-server-release/jdk/lib/libextnet.so
7f3078f05000-7f3078f09000 ---p 00000000 00:00 0 
7f3078f09000-7f3079206000 rw-p 00000000 00:00 0 
7f3079206000-7f3079207000 ---p 00000000 00:00 0 
7f3079207000-7f3079308000 rw-p 00000000 00:00 0 
7f3079308000-7f307930c000 ---p 00000000 00:00 0 
7f307930c000-7f3079409000 rw-p 00000000 00:00 0 
7f3079409000-7f307940d000 ---p 00000000 00:00 0 
7f307940d000-7f307950a000 rw-p 00000000 00:00 0 
7f307950a000-7f307950e000 ---p 00000000 00:00 0 
7f307950e000-7f307960b000 rw-p 00000000 00:00 0 
7f307960b000-7f307960f000 r--p 00000000 fe:01 574849                     /home/adam/jdk11u/build/linux-x86_64-normal-server-release/jdk/lib/libnet.so
7f307960f000-7f307961e000 r-xp 00004000 fe:01 574849                     /home/adam/jdk11u/build/linux-x86_64-normal-server-release/jdk/lib/libnet.so
7f307961e000-7f3079622000 r--p 00013000 fe:01 574849                     /home/adam/jdk11u/build/linux-x86_64-normal-server-release/jdk/lib/libnet.so
7f3079622000-7f3079623000 r--p 00016000 fe:01 574849                     /home/adam/jdk11u/build/linux-x86_64-normal-server-release/jdk/lib/libnet.so
7f3079623000-7f3079624000 rw-p 00017000 fe:01 574849                     /home/adam/jdk11u/build/linux-x86_64-normal-server-release/jdk/lib/libnet.so
7f3079624000-7f307962b000 r--p 00000000 fe:01 574856                     /home/adam/jdk11u/build/linux-x86_64-normal-server-release/jdk/lib/libnio.so
7f307962b000-7f3079632000 r-xp 00007000 fe:01 574856                     /home/adam/jdk11u/build/linux-x86_64-normal-server-release/jdk/lib/libnio.so
7f3079632000-7f3079635000 r--p 0000e000 fe:01 574856                     /home/adam/jdk11u/build/linux-x86_64-normal-server-release/jdk/lib/libnio.so
7f3079635000-7f3079636000 r--p 00010000 fe:01 574856                     /home/adam/jdk11u/build/linux-x86_64-normal-server-release/jdk/lib/libnio.so
7f3079636000-7f3079637000 rw-p 00011000 fe:01 574856                     /home/adam/jdk11u/build/linux-x86_64-normal-server-release/jdk/lib/libnio.so
7f3079637000-7f307963b000 ---p 00000000 00:00 0 
7f307963b000-7f3079738000 rw-p 00000000 00:00 0 
7f3079738000-7f307973c000 ---p 00000000 00:00 0 
7f307973c000-7f3079839000 rw-p 00000000 00:00 0 
7f3079839000-7f307983d000 ---p 00000000 00:00 0 
7f307983d000-7f307993a000 rw-p 00000000 00:00 0 
7f307993a000-7f307993e000 ---p 00000000 00:00 0 
7f307993e000-7f3079a3b000 rw-p 00000000 00:00 0 
7f3079a3b000-7f3079d22000 r--p 00000000 fe:01 786832                     /usr/lib/locale/locale-archive
7f3079d22000-7f3079d26000 ---p 00000000 00:00 0 
7f3079d26000-7f3079e23000 rw-p 00000000 00:00 0 
7f3079e23000-7f3079e27000 ---p 00000000 00:00 0 
7f3079e27000-7f3079f24000 rw-p 00000000 00:00 0 
7f3079f24000-7f3079f25000 ---p 00000000 00:00 0 
7f3079f25000-7f307a902000 rw-p 00000000 00:00 0 
7f307a902000-7f307a907000 rw-p 00000000 00:00 0 
7f307a907000-7f307a9e7000 ---p 00000000 00:00 0 
7f307a9e7000-7f307aa02000 rw-p 00000000 00:00 0 
7f307aa02000-7f307aacc000 ---p 00000000 00:00 0 
7f307aacc000-7f307aad5000 rw-p 00000000 00:00 0 
7f307aad5000-7f307aae4000 ---p 00000000 00:00 0 
7f307aae4000-7f307aae7000 r--p 00000000 fe:01 787101                     /usr/lib/x86_64-linux-gnu/libnss_files-2.31.so
7f307aae7000-7f307aaee000 r-xp 00003000 fe:01 787101                     /usr/lib/x86_64-linux-gnu/libnss_files-2.31.so
7f307aaee000-7f307aaf0000 r--p 0000a000 fe:01 787101                     /usr/lib/x86_64-linux-gnu/libnss_files-2.31.so
7f307aaf0000-7f307aaf1000 r--p 0000b000 fe:01 787101                     /usr/lib/x86_64-linux-gnu/libnss_files-2.31.so
7f307aaf1000-7f307aaf2000 rw-p 0000c000 fe:01 787101                     /usr/lib/x86_64-linux-gnu/libnss_files-2.31.so
7f307aaf2000-7f307aaf8000 rw-p 00000000 00:00 0 
7f307aafc000-7f307aafe000 r--p 00000000 fe:01 574842                     /home/adam/jdk11u/build/linux-x86_64-normal-server-release/jdk/lib/libzip.so
7f307aafe000-7f307ab02000 r-xp 00002000 fe:01 574842                     /home/adam/jdk11u/build/linux-x86_64-normal-server-release/jdk/lib/libzip.so
7f307ab02000-7f307ab04000 r--p 00006000 fe:01 574842                     /home/adam/jdk11u/build/linux-x86_64-normal-server-release/jdk/lib/libzip.so
7f307ab04000-7f307ab05000 r--p 00007000 fe:01 574842                     /home/adam/jdk11u/build/linux-x86_64-normal-server-release/jdk/lib/libzip.so
7f307ab05000-7f307ab06000 rw-p 00008000 fe:01 574842                     /home/adam/jdk11u/build/linux-x86_64-normal-server-release/jdk/lib/libzip.so
7f307ab06000-7f307ab0e000 rw-s 00000000 fe:01 2359338                    /tmp/hsperfdata_root/34261
7f307ab0e000-7f307ab12000 r--p 00000000 fe:01 574846                     /home/adam/jdk11u/build/linux-x86_64-normal-server-release/jdk/lib/libjimage.so
7f307ab12000-7f307ab25000 r-xp 00004000 fe:01 574846                     /home/adam/jdk11u/build/linux-x86_64-normal-server-release/jdk/lib/libjimage.so
7f307ab25000-7f307ab2b000 r--p 00017000 fe:01 574846                     /home/adam/jdk11u/build/linux-x86_64-normal-server-release/jdk/lib/libjimage.so
7f307ab2b000-7f307ab2d000 r--p 0001c000 fe:01 574846                     /home/adam/jdk11u/build/linux-x86_64-normal-server-release/jdk/lib/libjimage.so
7f307ab2d000-7f307ab2e000 rw-p 0001e000 fe:01 574846                     /home/adam/jdk11u/build/linux-x86_64-normal-server-release/jdk/lib/libjimage.so
7f307ab2e000-7f307ab3c000 r--p 00000000 fe:01 574823                     /home/adam/jdk11u/build/linux-x86_64-normal-server-release/jdk/lib/libjava.so
7f307ab3c000-7f307ab52000 r-xp 0000e000 fe:01 574823                     /home/adam/jdk11u/build/linux-x86_64-normal-server-release/jdk/lib/libjava.so
7f307ab52000-7f307ab59000 r--p 00024000 fe:01 574823                     /home/adam/jdk11u/build/linux-x86_64-normal-server-release/jdk/lib/libjava.so
7f307ab59000-7f307ab5a000 r--p 0002a000 fe:01 574823                     /home/adam/jdk11u/build/linux-x86_64-normal-server-release/jdk/lib/libjava.so
7f307ab5a000-7f307ab5b000 rw-p 0002b000 fe:01 574823                     /home/adam/jdk11u/build/linux-x86_64-normal-server-release/jdk/lib/libjava.so
7f307ab5b000-7f307ab5c000 rw-p 00000000 00:00 0 
7f307ab5c000-7f307ab60000 ---p 00000000 00:00 0 
7f307ab60000-7f307ac5d000 rw-p 00000000 00:00 0 
7f307ac5d000-7f307ac6a000 r--p 00000000 fe:01 787094                     /usr/lib/x86_64-linux-gnu/libm-2.31.so
7f307ac6a000-7f307ad04000 r-xp 0000d000 fe:01 787094                     /usr/lib/x86_64-linux-gnu/libm-2.31.so
7f307ad04000-7f307ad9f000 r--p 000a7000 fe:01 787094                     /usr/lib/x86_64-linux-gnu/libm-2.31.so
7f307ad9f000-7f307ada0000 r--p 00141000 fe:01 787094                     /usr/lib/x86_64-linux-gnu/libm-2.31.so
7f307ada0000-7f307ada1000 rw-p 00142000 fe:01 787094                     /usr/lib/x86_64-linux-gnu/libm-2.31.so
7f307ada1000-7f307ada3000 r--p 00000000 fe:01 787107                     /usr/lib/x86_64-linux-gnu/librt-2.31.so
7f307ada3000-7f307ada7000 r-xp 00002000 fe:01 787107                     /usr/lib/x86_64-linux-gnu/librt-2.31.so
7f307ada7000-7f307ada9000 r--p 00006000 fe:01 787107                     /usr/lib/x86_64-linux-gnu/librt-2.31.so
7f307ada9000-7f307adaa000 r--p 00007000 fe:01 787107                     /usr/lib/x86_64-linux-gnu/librt-2.31.so
7f307adaa000-7f307adab000 rw-p 00008000 fe:01 787107                     /usr/lib/x86_64-linux-gnu/librt-2.31.so
7f307adab000-7f307b028000 r--p 00000000 fe:01 573836                     /home/adam/jdk11u/build/linux-x86_64-normal-server-release/jdk/lib/server/libjvm.so
7f307b028000-7f307bc1a000 r-xp 0027d000 fe:01 573836                     /home/adam/jdk11u/build/linux-x86_64-normal-server-release/jdk/lib/server/libjvm.so
7f307bc1a000-7f307be6f000 r--p 00e6f000 fe:01 573836                     /home/adam/jdk11u/build/linux-x86_64-normal-server-release/jdk/lib/server/libjvm.so
7f307be6f000-7f307be70000 ---p 010c4000 fe:01 573836                     /home/adam/jdk11u/build/linux-x86_64-normal-server-release/jdk/lib/server/libjvm.so
7f307be70000-7f307bf33000 r--p 010c4000 fe:01 573836                     /home/adam/jdk11u/build/linux-x86_64-normal-server-release/jdk/lib/server/libjvm.so
7f307bf33000-7f307bf6d000 rw-p 01187000 fe:01 573836                     /home/adam/jdk11u/build/linux-x86_64-normal-server-release/jdk/lib/server/libjvm.so
7f307bf6d000-7f307bfc6000 rw-p 00000000 00:00 0 
7f307bfc6000-7f307bfcc000 r--p 00000000 fe:01 787105                     /usr/lib/x86_64-linux-gnu/libpthread-2.31.so
7f307bfcc000-7f307bfdc000 r-xp 00006000 fe:01 787105                     /usr/lib/x86_64-linux-gnu/libpthread-2.31.so
7f307bfdc000-7f307bfe2000 r--p 00016000 fe:01 787105                     /usr/lib/x86_64-linux-gnu/libpthread-2.31.so
7f307bfe2000-7f307bfe3000 r--p 0001b000 fe:01 787105                     /usr/lib/x86_64-linux-gnu/libpthread-2.31.so
7f307bfe3000-7f307bfe4000 rw-p 0001c000 fe:01 787105                     /usr/lib/x86_64-linux-gnu/libpthread-2.31.so
7f307bfe4000-7f307bfe8000 rw-p 00000000 00:00 0 
7f307bfe8000-7f307bfe9000 r--p 00000000 fe:01 787091                     /usr/lib/x86_64-linux-gnu/libdl-2.31.so
7f307bfe9000-7f307bfeb000 r-xp 00001000 fe:01 787091                     /usr/lib/x86_64-linux-gnu/libdl-2.31.so
7f307bfeb000-7f307bfec000 r--p 00003000 fe:01 787091                     /usr/lib/x86_64-linux-gnu/libdl-2.31.so
7f307bfec000-7f307bfed000 r--p 00003000 fe:01 787091                     /usr/lib/x86_64-linux-gnu/libdl-2.31.so
7f307bfed000-7f307bfee000 rw-p 00004000 fe:01 787091                     /usr/lib/x86_64-linux-gnu/libdl-2.31.so
7f307bfee000-7f307bff1000 r--p 00000000 fe:01 788525                     /usr/lib/x86_64-linux-gnu/libz.so.1.2.11
7f307bff1000-7f307c002000 r-xp 00003000 fe:01 788525                     /usr/lib/x86_64-linux-gnu/libz.so.1.2.11
7f307c002000-7f307c008000 r--p 00014000 fe:01 788525                     /usr/lib/x86_64-linux-gnu/libz.so.1.2.11
7f307c008000-7f307c009000 ---p 0001a000 fe:01 788525                     /usr/lib/x86_64-linux-gnu/libz.so.1.2.11
7f307c009000-7f307c00a000 r--p 0001a000 fe:01 788525                     /usr/lib/x86_64-linux-gnu/libz.so.1.2.11
7f307c00a000-7f307c00b000 rw-p 0001b000 fe:01 788525                     /usr/lib/x86_64-linux-gnu/libz.so.1.2.11
7f307c00b000-7f307c02d000 r--p 00000000 fe:01 787090                     /usr/lib/x86_64-linux-gnu/libc-2.31.so
7f307c02d000-7f307c186000 r-xp 00022000 fe:01 787090                     /usr/lib/x86_64-linux-gnu/libc-2.31.so
7f307c186000-7f307c1d5000 r--p 0017b000 fe:01 787090                     /usr/lib/x86_64-linux-gnu/libc-2.31.so
7f307c1d5000-7f307c1d9000 r--p 001c9000 fe:01 787090                     /usr/lib/x86_64-linux-gnu/libc-2.31.so
7f307c1d9000-7f307c1db000 rw-p 001cd000 fe:01 787090                     /usr/lib/x86_64-linux-gnu/libc-2.31.so
7f307c1db000-7f307c1df000 rw-p 00000000 00:00 0 
7f307c1e1000-7f307c1e2000 ---p 00000000 00:00 0 
7f307c1e2000-7f307c1e3000 r--p 00000000 00:00 0 
7f307c1e3000-7f307c1e8000 r--p 00000000 fe:01 574815                     /home/adam/jdk11u/build/linux-x86_64-normal-server-release/jdk/lib/libverify.so
7f307c1e8000-7f307c1ef000 r-xp 00005000 fe:01 574815                     /home/adam/jdk11u/build/linux-x86_64-normal-server-release/jdk/lib/libverify.so
7f307c1ef000-7f307c1f1000 r--p 0000c000 fe:01 574815                     /home/adam/jdk11u/build/linux-x86_64-normal-server-release/jdk/lib/libverify.so
7f307c1f1000-7f307c1f2000 ---p 0000e000 fe:01 574815                     /home/adam/jdk11u/build/linux-x86_64-normal-server-release/jdk/lib/libverify.so
7f307c1f2000-7f307c1f4000 r--p 0000e000 fe:01 574815                     /home/adam/jdk11u/build/linux-x86_64-normal-server-release/jdk/lib/libverify.so
7f307c1f4000-7f307c1f5000 rw-p 00010000 fe:01 574815                     /home/adam/jdk11u/build/linux-x86_64-normal-server-release/jdk/lib/libverify.so
7f307c1f5000-7f307c1f8000 r--p 00000000 fe:01 574803                     /home/adam/jdk11u/build/linux-x86_64-normal-server-release/jdk/lib/jli/libjli.so
7f307c1f8000-7f307c202000 r-xp 00003000 fe:01 574803                     /home/adam/jdk11u/build/linux-x86_64-normal-server-release/jdk/lib/jli/libjli.so
7f307c202000-7f307c205000 r--p 0000d000 fe:01 574803                     /home/adam/jdk11u/build/linux-x86_64-normal-server-release/jdk/lib/jli/libjli.so
7f307c205000-7f307c206000 ---p 00010000 fe:01 574803                     /home/adam/jdk11u/build/linux-x86_64-normal-server-release/jdk/lib/jli/libjli.so
7f307c206000-7f307c207000 r--p 00010000 fe:01 574803                     /home/adam/jdk11u/build/linux-x86_64-normal-server-release/jdk/lib/jli/libjli.so
7f307c207000-7f307c208000 rw-p 00011000 fe:01 574803                     /home/adam/jdk11u/build/linux-x86_64-normal-server-release/jdk/lib/jli/libjli.so
7f307c208000-7f307c20a000 rw-p 00000000 00:00 0 
7f307c20a000-7f307c20b000 r--p 00000000 fe:01 786446                     /usr/lib/x86_64-linux-gnu/ld-2.31.so
7f307c20b000-7f307c22b000 r-xp 00001000 fe:01 786446                     /usr/lib/x86_64-linux-gnu/ld-2.31.so
7f307c22b000-7f307c233000 r--p 00021000 fe:01 786446                     /usr/lib/x86_64-linux-gnu/ld-2.31.so
7f307c234000-7f307c235000 r--p 00029000 fe:01 786446                     /usr/lib/x86_64-linux-gnu/ld-2.31.so
7f307c235000-7f307c236000 rw-p 0002a000 fe:01 786446                     /usr/lib/x86_64-linux-gnu/ld-2.31.so
7f307c236000-7f307c237000 rw-p 00000000 00:00 0 
7ffc09a4a000-7ffc09a6b000 rw-p 00000000 00:00 0                          [stack]
7ffc09ac5000-7ffc09ac9000 r--p 00000000 00:00 0                          [vvar]
7ffc09ac9000-7ffc09acb000 r-xp 00000000 00:00 0                          [vdso]


VM Arguments:
jvm_args: -XX:AllocateHeapAt=/dev/fakeblk -Xlog:gc=debug -XX:-OptimizeStringConcat -XX:+UnlockExperimentalVMOptions -XX:+UseEpsilonGC -Xnoclassgc -XX:+AlwaysPreTouch -XX:-ClassUnloading -XX:TieredStopAtLevel=3 -Xms20g -Xmx20g -XX:-ClassUnloading 
java_command: ../dacapo-23.11-chopin.jar tradebeans
java_class_path (initial): ../dacapo-23.11-chopin.jar
Launcher Type: SUN_STANDARD

[Global flags]
    ccstr AllocateHeapAt                           = /dev/fakeblk                              {product} {command line}
     bool AlwaysPreTouch                           = true                                      {product} {command line}
     intx CICompilerCount                          = 12                                        {product} {ergonomic}
     bool ClassUnloading                           = false                                     {product} {command line}
     bool ClassUnloadingWithConcurrentMark         = false                                     {product} {command line}
   size_t InitialHeapSize                          = 21474836480                               {product} {command line}
   size_t MaxHeapSize                              = 21474836480                               {product} {command line}
   size_t MinHeapDeltaBytes                        = 172032                                    {product} {ergonomic}
    uintx NonNMethodCodeHeapSize                   = 12163472                               {pd product} {ergonomic}
    uintx NonProfiledCodeHeapSize                  = 119747384                              {pd product} {ergonomic}
     bool OptimizeStringConcat                     = false                                  {C2 product} {command line}
    uintx ProfiledCodeHeapSize                     = 119747384                              {pd product} {ergonomic}
    uintx ReservedCodeCacheSize                    = 251658240                              {pd product} {ergonomic}
     bool SegmentedCodeCache                       = true                                      {product} {ergonomic}
     intx TieredStopAtLevel                        = 3                                         {product} {command line}
     bool UnlockExperimentalVMOptions              = true                                 {experimental} {command line}
     bool UseCompressedClassPointers               = true                                 {lp64_product} {ergonomic}
     bool UseCompressedOops                        = true                                 {lp64_product} {ergonomic}
     bool UseEpsilonGC                             = true                                 {experimental} {command line}

Logging:
Log output configuration:
 #0: stdout all=warning,gc=debug uptime,level,tags
 #1: stderr all=off uptime,level,tags

Environment Variables:
PATH=/usr/local/sbin:/usr/local/bin:/usr/sbin:/usr/bin:/sbin:/bin
SHELL=/bin/bash
LANG=en_US.UTF-8

Signal Handlers:
SIGSEGV: [libjvm.so+0xde4640], sa_mask[0]=11111111011111111101111111111110, sa_flags=SA_RESTART|SA_SIGINFO
SIGBUS: [libjvm.so+0xde4640], sa_mask[0]=11111111011111111101111111111110, sa_flags=SA_RESTART|SA_SIGINFO
SIGFPE: [libjvm.so+0xde4640], sa_mask[0]=11111111011111111101111111111110, sa_flags=SA_RESTART|SA_SIGINFO
SIGPIPE: [libjvm.so+0xbdf380], sa_mask[0]=11111111011111111101111111111110, sa_flags=SA_RESTART|SA_SIGINFO
SIGXFSZ: [libjvm.so+0xbdf380], sa_mask[0]=11111111011111111101111111111110, sa_flags=SA_RESTART|SA_SIGINFO
SIGILL: [libjvm.so+0xde4640], sa_mask[0]=11111111011111111101111111111110, sa_flags=SA_RESTART|SA_SIGINFO
SIGUSR2: [libjvm.so+0x2d1680], sa_mask[0]=00000000000100000000000000000000, sa_flags=SA_RESTART
SIGHUP: [libjvm.so+0xbdfab0], sa_mask[0]=11111111011111111101111111111110, sa_flags=SA_RESTART|SA_SIGINFO
SIGINT: [libjvm.so+0xbdfab0], sa_mask[0]=11111111011111111101111111111110, sa_flags=SA_RESTART|SA_SIGINFO
SIGTERM: [libjvm.so+0xbdfab0], sa_mask[0]=11111111011111111101111111111110, sa_flags=SA_RESTART|SA_SIGINFO
SIGQUIT: [libjvm.so+0xbdfab0], sa_mask[0]=11111111011111111101111111111110, sa_flags=SA_RESTART|SA_SIGINFO


---------------  S Y S T E M  ---------------

OS:PRETTY_NAME="Debian GNU/Linux 11 (bullseye)"
NAME="Debian GNU/Linux"
VERSION_ID="11"
VERSION="11 (bullseye)"
VERSION_CODENAME=bullseye
ID=debian
HOME_URL="https://www.debian.org/"
SUPPORT_URL="https://www.debian.org/support"
BUG_REPORT_URL="https://bugs.debian.org/"
uname:Linux 5.10.0-28-amd64 #1 SMP Debian 5.10.209-2 (2024-01-31) x86_64
OS uptime: 14 days 20:44 hours
libc:glibc 2.31 NPTL 2.31 
rlimit (soft/hard): STACK 8192k/infinity , CORE 0k/infinity , NPROC 256990/256990 , NOFILE 1048576/1048576 , AS infinity/infinity , CPU infinity/infinity , DATA infinity/infinity , FSIZE infinity/infinity , MEMLOCK 8229866k/8229866k
load average:13.36 8.42 4.01

/proc/meminfo:
MemTotal:       65838928 kB
MemFree:        24107888 kB
MemAvailable:   32157412 kB
Buffers:          902472 kB
Cached:         38494212 kB
SwapCached:         3496 kB
Active:         36087816 kB
Inactive:        4067084 kB
Active(anon):   31458584 kB
Inactive(anon):   370648 kB
Active(file):    4629232 kB
Inactive(file):  3696436 kB
Unevictable:           0 kB
Mlocked:               0 kB
SwapTotal:        998396 kB
SwapFree:         989964 kB
Dirty:                 0 kB
Writeback:             0 kB
AnonPages:        367840 kB
Mapped:          7003880 kB
Shmem:          31070756 kB
KReclaimable:     454820 kB
Slab:             631040 kB
SReclaimable:     454820 kB
SUnreclaim:       176220 kB
KernelStack:       12224 kB
PageTables:        20936 kB
NFS_Unstable:          0 kB
Bounce:                0 kB
WritebackTmp:          0 kB
CommitLimit:    33917860 kB
Committed_AS:    7499820 kB
VmallocTotal:   34359738367 kB
VmallocUsed:      365316 kB
VmallocChunk:          0 kB
Percpu:            37824 kB
HardwareCorrupted:     0 kB
AnonHugePages:         0 kB
ShmemHugePages:        0 kB
ShmemPmdMapped:        0 kB
FileHugePages:         0 kB
FilePmdMapped:         0 kB
HugePages_Total:       0
HugePages_Free:        0
HugePages_Rsvd:        0
HugePages_Surp:        0
Hugepagesize:       2048 kB
Hugetlb:               0 kB
DirectMap4k:     1161068 kB
DirectMap2M:    36587520 kB
DirectMap1G:    31457280 kB

/sys/kernel/mm/transparent_hugepage/enabled:
always [madvise] never
/sys/kernel/mm/transparent_hugepage/defrag (defrag/compaction efforts parameter):
always defer defer+madvise [madvise] never

Process Memory:
Virtual Size: 40648844K (peak: 40648844K)
Resident Set Size: 7136328K (peak: 7136328K) (anon: 238844K, file: 606028K, shmem: 6291456K)
Swapped out: 0K
C-Heap outstanding allocations: 132229K, retained: 30966K (may have wrapped)
glibc malloc tunables: (default)

/proc/sys/kernel/threads-max (system-wide limit on the number of threads):
513981
/proc/sys/vm/max_map_count (maximum number of memory map areas a process may have):
65530
/proc/sys/kernel/pid_max (system-wide limit on number of process identifiers):
4194304

container (cgroup) information:
container_type: cgroupv2
cpu_cpuset_cpus: 21-25,27-46
cpu_memory_nodes: not supported
active_processor_count: 25
cpu_quota: not supported
cpu_period: not supported
cpu_shares: not supported
memory_limit_in_bytes: 1572864000
memory_and_swap_limit_in_bytes: unlimited
memory_soft_limit_in_bytes: unlimited
memory_usage_in_bytes: 949186560
memory_max_usage_in_bytes: not supported

KVM virtualization detected
Steal ticks since vm start: 25
Steal ticks percentage since vm start:  0.000

CPU:total 48 (initial active 25) (1 cores per cpu, 1 threads per core) family 16 model 2 stepping 3 microcode 0x1000065, cmov, cx8, fxsr, mmx, sse, sse2, sse3, popcnt, mmxext, 3dnowpref, lzcnt, sse4a, tsc
CPU Model and flags from /proc/cpuinfo:
model name	: AMD Opteron 23xx (Gen 3 Class Opteron)
flags		: fpu vme de pse tsc msr pae mce cx8 apic sep mtrr pge mca cmov pat pse36 clflush mmx fxsr sse sse2 syscall nx mmxext fxsr_opt pdpe1gb rdtscp lm 3dnowext 3dnow rep_good nopl cpuid extd_apicid tsc_known_freq pni cx16 x2apic popcnt tsc_deadline_timer hypervisor lahf_lm cmp_legacy cr8_legacy abm sse4a misalignsse 3dnowprefetch osvw vmmcall arat
Online cpus:
0-47
Offline cpus:

BIOS frequency limitation:
<Not Available>
Frequency switch latency (ns):
<Not Available>
Available cpu frequencies:
<Not Available>
Current governor:
<Not Available>
Core performance/turbo boost:
<Not Available>

Memory: 4k page, physical 1536000k(609060k free), swap 998396k(989964k free)

vm_info: OpenJDK 64-Bit Server VM (11.0.16-internal+0-adhoc.adam.jdk11u) for linux-amd64 JRE (11.0.16-internal+0-adhoc.adam.jdk11u), built on Apr  2 2025 12:06:52 by "adam" with gcc 10.2.1 20210110

END.
